"No.","Vendor","Address","Email","Phone","Remark","Last Update"
"1","AEROMIL PACIFIC","","N/A","N/A","","August 22, 2016"
"2","AEROSPACE PRODUCT INTERNATIONAL","Unit 3 Maryland Street, Green Meadows Subdivision
 Mabiga, Mabalacat City,
 Pampanga 2010 Philippines","rmercado@apiworldwide.com","63 455995490","","August 08, 2016"
"3","AIRCRAFT SPRUCE","","N/A","N/A","","August 22, 2016"
"4","AIRFLITE AUSTRALIA PTY. LTD","","N/A","N/A","","August 22, 2016"
"5","AUSTRALIAN AVIONICS","","N/A","N/A","","August 22, 2016"
"6","AVIALL PTE LTD","2 Loyang Lane # 05-02 Singapore 508913","neny.hamid@aviall.com","65 6540 9809","","August 08, 2016"
"7","AVION LOGISTICS","","N/A","N/A","","August 22, 2016"
"8","AVTEK","","N/A","N/A","","August 22, 2016"
"9","CHEMETALL ASIA PTE LTD","","N/A","N/A","","August 22, 2016"
"10","CONTAINER","","N/A","N/A","","August 22, 2016"
"","Vendor","Address","Email","Phone","Remark","Last Update"