GROUP,DESCRIPTION,P/N,ALT P/N,S/N,MIN QTY,UNIT,CONDITION,WAREHOUSE,STORES,QTY,EXPIRED DATE,GRN NO,VENDOR,RECEIVED DATE,RECEIVED BY,ORDER NUMBER,REFERENCE NUMBER,AWB NUMBER,REMARK,UNIT VALUE
COP,BOLT,AN8-23A,,N/A,,EA,Serviceable,,D2-12,20,,1577/GRN/SPR/2016,AVION LOGISTICS,13-Dec-16,BOBBY,POM1141,INV/970012382,DHL#2247599200,,
REP,DME KN62A,066-1068-00,,14734,,EA,Serviceable,,E2,1,,1576/GRN/SPR/2016,HAWKER PACIFIC PTY LTD,13-Dec-16,BOBBY,WOM469,INV/114-027061,DHL#7889261564,,
REP,KN62A DME,066-1068-01,,18461,,EA,Serviceable,,E2,1,,1576/GRN/SPR/2016,HAWKER PACIFIC PTY LTD,13-Dec-16,BOBBY,WOM469,INV/114-027061,DHL#7889261564,,
REP,KN62A DME,066-1068-01,,26085,,EA,Serviceable,,E2,1,,1576/GRN/SPR/2016,HAWKER PACIFIC PTY LTD,13-Dec-16,BOBBY,WOM469,INV/114-027061,DHL#7889261564,,
REP,TRANSPONDER,066-01156-0101,,4634,,EA,Serviceable,,E2,1,,1576/GRN/SPR/2016,HAWKER PACIFIC PTY LTD,13-Dec-16,BOBBY,WOM469,INV/114-027061,DHL#7889261564,,
COP,RIVET BRAKE LINNING,06-02908,,N/A,,EA,Serviceable,,A3-14,200,,1575/GRN/SPR/2016,AIRCRAFT SPRUCE,13-Dec-16,BOBBY,POM1049,INV/582944,N/A,,
REP,CYLINDER HYDRAULIC NOSE,455-987,,3479,,EA,Serviceable,,G1,1,,1383/GRN/ME/2016,AVIALL PTE LTD,13-Dec-16,BOBBY,POM1133,INV/9304751654,DHL#9530471392,,
COP,"REPAIR KIT SEAL O,RING",199-538A,,N/A,,EA,Serviceable,,G2,4,,1383/GRN/ME/2016,AVIALL PTE LTD,13-Dec-16,BOBBY,POM1133,INV/9304751654,DHL#9530471392,,
COP,VALVE,492-303,,N/A,,EA,Serviceable,,G3,1,,1383/GRN/ME/2016,AVIALL PTE LTD,13-Dec-16,BOBBY,POM1133,INV/9304751654,DHL#9530471392,,
COP,CABIN DOOR HINGE PIN,0711001-59,,N/A,,EA,Serviceable,,D2-16,2,,1573/GRN/SPR/2016,YINGLING AVIATION,13-Dec-16,BOBBY,POM1145,INV/16-28315,DHL#4174648822,,
COP,CLAMP,AN73TW66,,N/A,,EA,Serviceable,,D2-5,10,,1573/GRN/SPR/2016,YINGLING AVIATION,13-Dec-16,BOBBY,POM1145,INV/16-28315,DHL#4174648822,,
COP,HINGE,0511237-2,,N/A,,EA,Serviceable,,D2-16,2,,1573/GRN/SPR/2016,YINGLING AVIATION,13-Dec-16,BOBBY,POM1145,INV/16-28315,DHL#4174648822,,
COP,HINGE AY,0511238-2,,N/A,,EA,Serviceable,,D2-16,2,,1573/GRN/SPR/2016,YINGLING AVIATION,13-Dec-16,BOBBY,POM1145,INV/16-28315,DHL#4174648822,,
REP,SHROUD CARB HEAT,0554006-1,,N/A,,EA,Serviceable,,A4-1,1,,1573/GRN/SPR/2016,YINGLING AVIATION,13-Dec-16,BOBBY,POM1145,INV/16-28315,DHL#4174648822,,
COP,BOLT,AN4H13A,,N/A,,EA,Serviceable,,A3-5,10,,1572/GRN/SPR/2016,AIRFLITE AUSTRALIA PTY. LTD,13-Dec-16,BOBBY,POM1140,INV/ARI023935,DHL#9946837924,,
COP,NUT,MS20365-720C,,N/A,,EA,Serviceable,,A3-1,100,,1572/GRN/SPR/2016,AIRFLITE AUSTRALIA PTY. LTD,13-Dec-16,BOBBY,POM1140,INV/ARI23935,DHL#9946837924,,
COP,SWITCH PTT,S2870-1,,N/A,,EA,Serviceable,,A2-4,2,,1572/GRN/SPR/2016,AIRFLITE AUSTRALIA PTY. LTD,13-Dec-16,BOBBY,POM1140,INV/ARI023819,DHL#9946837924,,
COP,VALVE,492-303,,N/A,,EA,Serviceable,,G3,1,,1383/GRN/ME/2016,AVIALL PTE LTD,3-Dec-16,BOBBY,POM1133,8003840216,9530471392,,
COP,OIL COOLER,8406R/20002A,,5050,,EA,Serviceable,,A5-2,1,,1570/GRN/SPR/2016,AUSTRALIAN AVIONICS,2-Dec-16,BOBBY,WOM470,114-026912,1002422256,,
COP,CARBURETOR HEAT REPAIR KIT,CCH-KT-2,,N/A,,KIT,Serviceable,,D4,4,,1569/GRN/SPR/2016,N/A,2-Dec-16,BOBBY,POM1125,0266194-IN,4333098475,,
REP,A/H,102-0071-03,,212C041,,EA,Serviceable,,C3-2,1,,1568/GRN/SPR/2016,N/A,2-Dec-16,BOBBY,WOM405 (WARRANTY),18990,3090167640,,
REP,DGI,RCA11A-15,,412D099G,,EA,Serviceable,,C3-2,1,,1568/GRN/SPR/2016,N/A,2-Dec-16,BOBBY,WOM405 (WARRANTY),18990,3090167640,,
REP,HYDRAULIC PUM,636294,,21371JY,,EA,Serviceable,,G2,1,,1383/GRN/ME/2016,N/A,2-Dec-16,BOBBY,POM1132,16-017214,1111370234,,
COP,NUT,MS21042-5,,N/A,,EA,Serviceable,,A3-3,26,,1567/GRN/SPR/2016,N/A,2-Dec-16,BOBBY,POM1134,16-017214,1111370234,,
COP,EARPHONE,10376G-20,,N/A,,EA,Serviceable,,C2-1,2,,1566/GRN/SPR/2016,AVIALL PTE LTD,29-Nov-16,BOBBY,POM1142,INV/9304737744,DHL#5953343561,,
COP,RETAINING RING,00009M03,,N/A,,PACK,Serviceable,,C2-6,20,,1566/GRN/SPR/2016,AVIALL PTE LTD,29-Nov-16,BOBBY,POM1142,INV/9304737744,DHL#5953343561,,
COP,IGNITION SWTICH,C292501-0109,,N/A,,EA,Serviceable,,A2-4,2,,1565/GRN/SPR/2016,AVION LOGISTICS,29-Nov-16,BOBBY,POM1134,INV/970012356,DHL#3318462825,,
COP,NUT,MS21042-5,,N/A,,EA,Serviceable,,A3-3,25,,1565/GRN/SPR/2016,AVION LOGISTICS,29-Nov-16,BOBBY,POM1134,INV/970012356,DHL#3318462825,,
COP,ROD,86262-008,,N/A,,EA,Serviceable,,G2,2,,1383/GRN/ME/2016,AVION LOGISTICS,29-Nov-16,BOBBY,POM1135,INV/970012357,DHL#3318462825,,
COP,ROD END ASSY,89307-000,,N/A,,EA,Serviceable,,G3,4,,1383/GRN/ME/2016,AVION LOGISTICS,29-Nov-16,BOBBY,POM1135,INV/970012357,DHL#3318462825,,
REP,LIFE VEST,P0723E105P,,9111130009,,EA,Serviceable,,B1-1,1,,1564/GRN/SPR/2016,N/A,26-Nov-16,BOBBY,N/A,N/A,N/A,,
REP,LIFE VEST,102MK3,,18839-11/086,,EA,Serviceable,,B1-1,1,,1564/GRN/SPR/2016,N/A,26-Nov-16,BOBBY,N/A,N/A,N/A,,
REP,FIREX,FE-10P,,N/A,,EA,Serviceable,,F4,1,,1563/GRN/SPR/2016,N/A,25-Nov-16,BOBBY,N/A,N/A,N/A,,
COP,BOLT,AN175-22A,,N/A,,EA,Serviceable,,G1,20,,1383/GRN/ME/2016,AVIALL PTE LTD,25-Nov-16,BOBBY,POM1133,INV/9304698602,DHL#9483441671,,
COP,VALVE,492-303,,N/A,,EA,Serviceable,,G3,1,,1383/GRN/ME/2016,AVIALL PTE LTD,25-Nov-16,BOBBY,POM1133,INV/9304698602,DHL#9483441671,,
COP,WASHER,NAS1149F0532P,,N/A,,EA,Serviceable,,G3,200,,1562/GRN/SPR/2016,AVIALL PTE LTD,25-Nov-16,BOBBY,POM1133,INV/9304698602,DHL#9483441671,,
COP,ROD ASSY,62764-800,,N/A,,EA,Serviceable,,G1,2,,1383/GRN/ME/2016,AVIALL PTE LTD,25-Nov-16,BOBBY,POM1129,INV/9304733812,DHL#1867146245,,
COP,VOLTAGE REGULATOR,R25-400,,T05281,,EA,Serviceable,,E4,1,,1560/GRN/SPR/2016,N/A,22-Nov-16,BOBBY,N/A,N/A,N/A,,
REP,AIR BOX,0552164-4,,N/A,,EA,Serviceable,,D1,1,,1559/GRN/SPR/2016,N/A,22-Nov-16,BOBBY,N/A,N/A,N/A,,
COP,CESSNA BAFFLE SET,C172P-BRK343150,,N/A,,EA,Serviceable,,H1-4,6,,1559/GRN/SPR/2016,N/A,22-Nov-16,BOBBY,N/A,N/A,N/A,,
REP,A/H INDICATOR,102-007-03,,210B044,,EA,Unserviceable,,C3-2,1,,1558/GRN/SPR/2016,N/A,22-Nov-16,BOBBY,N/A,N/A,N/A,,
ROT,ALTERNATOR,DOFF10300BR,,H-M061890,,EA,Serviceable,,D4,1,,1558/GRN/SPR/2016,N/A,22-Nov-16,BOBBY,N/A,N/A,N/A,,
REP,INTERCOM,SPA-400,,66644,,EA,Serviceable,,C3-1,1,,1558/GRN/SPR/2016,N/A,22-Nov-16,BOBBY,N/A,N/A,N/A,,
REP,INTERCOM,SPA-400,,6048393,,EA,Serviceable,,C3-1,1,,1558/GRN/SPR/2016,N/A,22-Nov-16,BOBBY,N/A,N/A,N/A,,
REP,INTERCOM,SPA-400,,6068105,,EA,Serviceable,,C3-1,1,,1558/GRN/SPR/2016,N/A,22-Nov-16,BOBBY,N/A,N/A,N/A,,
REP,INTERCOM,SPA-400,,66908,,EA,Serviceable,,C3-1,1,,1558/GRN/SPR/2016,N/A,22-Nov-16,BOBBY,N/A,N/A,N/A,,
COP,BOLT,AN7-45A,,N/A,,EA,Serviceable,,A3-13,10,,1557/GRN/SPR/2016,AVION LOGISTICS,18-Nov-16,BOBBY,POM1116,INV/970012294,DHL#5067771306,,
COP,CABLE,11-05651 FT,,N/A,,FEET,Serviceable,,H4-2,100,,1557/GRN/SPR/2016,AVION LOGISTICS,18-Nov-16,BOBBY,POM1109,INV/970012293,DHL#5067771306,,
COP,CIRCUIT BREAKER,11-08398,,N/A,,EA,Serviceable,,A2-4,3,,1557/GRN/SPR/2016,AVION LOGISTICS,18-Nov-16,BOBBY,POM1131,INV/970012292,DHL#5067771306,,
COP,MOUNT HYDROULIC,96902-000,,N/A,,EA,Serviceable,,G2,1,,1383/GRN/ME/2016,HAWKER PACIFIC PTY LTD,18-Nov-16,BOBBY,POM1131,INV/149831,DHL#2804506751,,
COP,ADROX,6025,,N/A,,PAIL,Serviceable,,FLAMABLE ROOM,1,,1555/GRN/SPR/2016,LUBRINDO JAYA,18-Nov-16,BOBBY,POM1127,DN/16-11-1096,N/A,,
COP,GREASE 22,MIL-PRF-81322,,N/A,,CAN,Serviceable,,FLAMABLE ROOM,2,,1555/GRN/SPR/2016,LUBRINDO JAYA,18-Nov-16,BOBBY,POM1127,DN/16-11-1096,N/A,,
COP,HYDRAULIC FLUID,MIL-PRF-5606,,N/A,,LITER,Serviceable,,FLAMABLE ROOM,6,,1555/GRN/SPR/2016,LUBRINDO JAYA,18-Nov-16,BOBBY,POM1127,DN/16-11-1096,N/A,,
COP,OIL ENGINE,ASW100,,N/A,,LTR,Serviceable,,FLAMABLE ROOM,37.8,,1555/GRN/SPR/2016,LUBRINDO JAYA,18-Nov-16,BOBBY,POM1127,DN/16-11-1096,N/A,,
COP,PRC SEALENT (120Z),PR1422B1/2,,N/A,,SET,Serviceable,,D1,1,,1555/GRN/SPR/2016,LUBRINDO JAYA,18-Nov-16,BOBBY,POM1127,DN/16-11-1096,N/A,,
COP,BOARD AY TERMINAL,0570315-1,,N/A,,EA,Serviceable,,D3-5,2,,1554/GRN/SPR/2016,YINGLING AVIATION,18-Nov-16,BOBBY,POM1130,INV16-26982,DHL#2905502714,,
COP,COVER,0570316-1,,N/A,,EA,Serviceable,,A3-20,2,,1554/GRN/SPR/2016,YINGLING AVIATION,18-Nov-16,BOBBY,POM1130,INV16-26982,DHL#2905502714,,
COP,LINE ASSY BRAKE,0500118-127,,N/A,,EA,Serviceable,,B4-1,2,,1554/GRN/SPR/2016,YINGLING AVIATION,18-Nov-16,BOBBY,POM1130,INV16-26982,DHL#2905502714,,
COP,LINK,0511336-1,,N/A,,EA,Serviceable,,D3-4,2,,1554/GRN/SPR/2016,YINGLING AVIATION,18-Nov-16,BOBBY,POM1130,INV16-26982,DHL#2905502714,,
COP,NUT,AN315-4R,,N/A,,EA,Serviceable,,A3-3,100,,1554/GRN/SPR/2016,YINGLING AVIATION,18-Nov-16,BOBBY,POM1130,INV16-26982,DHL#2905502714,,
REP,KN62A DME,066-1068-01,,17285,,EA,Serviceable,,E2,1,,1553/GRN/SPR/2016,AUSTRALIAN AVIONICS,15-Nov-16,BOBBY,WOM465,INV/114-026614,DHL#4328946101,,
REP,TRANSPONDER,066-01156-0101,,5907,,EA,Serviceable,,E2,1,,1553/GRN/SPR/2016,AUSTRALIAN AVIONICS,15-Nov-16,BOBBY,WOM464,INV/114-026614,DHL#4328946101,,
COP,CLAMP,A0750161-25,,N/A,,KITS,Serviceable,,A5-1,4,,1552/GRN/SPR/2016,EPIC AVIATION,12-Nov-16,BOBBY,POM1101,INV/16-017012,DHL#1103047385,,
COP,CESSNA CONVERTION KIT,MSC172-40PFW,,N/A,,EA,Serviceable,,D3-10,2,,1551/GRN/SPR/2016,MILSPEC,11-Nov-16,BOBBY,POM1098,INV/42530,DHL#9758065295,,
COP,CONVERSION KIT,MSC172-40PSD,,N/A,,KIT,Serviceable,,D3-10,2,,1551/GRN/SPR/2016,MILSPEC,11-Nov-16,BOBBY,POM1098,INV/42530,DHL#9758065295,,
REP,GNS430,011-00280-10,,97124426,,EA,Serviceable,,G2,1,,1383/GRN/ME/2016,AVTEK,10-Nov-16,BOBBY,WARRANTY CLAIM,DN/AT-1518,DHL#6107391710,,
REP,HINGE AY,0511238-2,,N/A,,EA,Serviceable,,D3-11,1,,1549/GRN/SPR/2016,YINGLING AVIATION,9-Nov-16,BOBBY,POM1123,INV16-26176,DHL#8600553345,,
COP,SPARK PLUG,REM40E,,N/A,,EA,Serviceable,,B2-3,60,,1548/GRN/SPR/2016,AEROSPACE PRODUCT INTERNATIONAL,9-Nov-16,BOBBY,POM1060,INV/0081278605,DHL#2160027030,,
COP,PRESS SWITCH,587-847,,R024040,,EA,Serviceable,,G2,1,,1383/GRN/ME/2016,AVIALL PTE LTD,8-Nov-16,BOBBY,POM1115,INV/9304629918,DHL#1436878402,,
COP,PRESS SWITCH,587-847,,R024030,,EA,Serviceable,,G2,1,,1383/GRN/ME/2016,AVIALL PTE LTD,8-Nov-16,BOBBY,POM1115,INV/9304629918,DHL#1436878402,,
COP,MAIN TYRE,606C66-8,,50862439,,EA,Serviceable,,CONTAINER,1,,1546/GRN/SPR/2016,AVIALL PTE LTD,8-Nov-16,BOBBY,POM1121,INV/9304640178,PT.LINTAS DEWATA CARGO,,
COP,MAIN TYRE,606C66-8,,51802164,,EA,Serviceable,,CONTAINER,1,,1546/GRN/SPR/2016,AVIALL PTE LTD,8-Nov-16,BOBBY,POM1121,INV/9304640178,PT.LINTAS DEWATA CARGO,,
COP,MAIN TYRE,606C66-8,,51792169,,EA,Serviceable,,CONTAINER,1,,1546/GRN/SPR/2016,AVIALL PTE LTD,8-Nov-16,BOBBY,POM1121,INV/9304640178,PT.LINTAS DEWATA CARGO,,
COP,MAIN TYRE,606C66-8,,51792159,,EA,Serviceable,,CONTAINER,1,,1546/GRN/SPR/2016,AVIALL PTE LTD,8-Nov-16,BOBBY,POM1121,INV/9304640178,PT.LINTAS DEWATA CARGO,,
COP,MAIN TYRE,606C66-8,,51792119,,EA,Serviceable,,CONTAINER,1,,1546/GRN/SPR/2016,AVIALL PTE LTD,8-Nov-16,BOBBY,POM1121,INV/9304640178,PT.LINTAS DEWATA CARGO,,
COP,MAIN TYRE,606C66-8,,51792114,,EA,Serviceable,,CONTAINER,1,,1546/GRN/SPR/2016,AVIALL PTE LTD,8-Nov-16,BOBBY,POM1121,INV/9304640178,PT.LINTAS DEWATA CARGO,,
COP,MAIN TYRE,606C66-8,,51782118,,EA,Serviceable,,CONTAINER,1,,1546/GRN/SPR/2016,AVIALL PTE LTD,8-Nov-16,BOBBY,POM1121,INV/9304640178,PT.LINTAS DEWATA CARGO,,
COP,MAIN TYRE,606C66-8,,51782117,,EA,Serviceable,,CONTAINER,1,,1546/GRN/SPR/2016,AVIALL PTE LTD,8-Nov-16,BOBBY,POM1121,INV/9304640178,PT.LINTAS DEWATA CARGO,,
COP,MAIN TYRE,606C66-8,,50862451,,EA,Serviceable,,CONTAINER,1,,1546/GRN/SPR/2016,AVIALL PTE LTD,8-Nov-16,BOBBY,POM1121,INV/9304640178,PT.LINTAS DEWATA CARGO,,
COP,MAIN TYRE,606C66-8,,50862438,,EA,Serviceable,,CONTAINER,1,,1546/GRN/SPR/2016,AVIALL PTE LTD,8-Nov-16,BOBBY,POM1121,INV/9304640178,PT.LINTAS DEWATA CARGO,,
COP,MAIN TYRE,606C66-8,,50862437,,EA,Serviceable,,CONTAINER,1,,1546/GRN/SPR/2016,AVIALL PTE LTD,8-Nov-16,BOBBY,POM1121,INV/9304640178,PT.LINTAS DEWATA CARGO,,
COP,MAIN TYRE,606C66-8,,50862434,,EA,Serviceable,,CONTAINER,1,,1546/GRN/SPR/2016,AVIALL PTE LTD,8-Nov-16,BOBBY,POM1121,INV/9304640178,PT.LINTAS DEWATA CARGO,,
COP,MAIN TYRE,606C66-8,,50862431,,EA,Serviceable,,CONTAINER,1,,1546/GRN/SPR/2016,AVIALL PTE LTD,8-Nov-16,BOBBY,POM1121,INV/9304640178,PT.LINTAS DEWATA CARGO,,
COP,MAIN TYRE,606C66-8,,50862429,,EA,Serviceable,,CONTAINER,1,,1546/GRN/SPR/2016,AVIALL PTE LTD,8-Nov-16,BOBBY,POM1121,INV/9304640178,PT.LINTAS DEWATA CARGO,,
COP,MAIN TYRE,606C66-8,,50862422,,EA,Serviceable,,CONTAINER,1,,1546/GRN/SPR/2016,AVIALL PTE LTD,8-Nov-16,BOBBY,POM1121,INV/9304640178,PT.LINTAS DEWATA CARGO,,
COP,MAIN TYRE,606C66-8,,50862420,,EA,Serviceable,,CONTAINER,1,,1546/GRN/SPR/2016,AVIALL PTE LTD,8-Nov-16,BOBBY,POM1121,INV/9304640178,PT.LINTAS DEWATA CARGO,,
COP,MAIN TYRE,606C66-8,,50862410,,EA,Serviceable,,CONTAINER,1,,1546/GRN/SPR/2016,AVIALL PTE LTD,8-Nov-16,BOBBY,POM1121,INV/9304640178,PT.LINTAS DEWATA CARGO,,
COP,MAIN TYRE,606C66-8,,50862407,,EA,Serviceable,,CONTAINER,1,,1546/GRN/SPR/2016,AVIALL PTE LTD,8-Nov-16,BOBBY,POM1121,INV/9304640178,PT.LINTAS DEWATA CARGO,,
COP,MAIN TYRE,606C66-8,,50852500,,EA,Serviceable,,CONTAINER,1,,1546/GRN/SPR/2016,AVIALL PTE LTD,8-Nov-16,BOBBY,POM1121,INV/9304640178,PT.LINTAS DEWATA CARGO,,
COP,MAIN TYRE,606C66-8,,50852494,,EA,Serviceable,,CONTAINER,1,,1546/GRN/SPR/2016,AVIALL PTE LTD,8-Nov-16,BOBBY,POM1121,INV/9304640178,PT.LINTAS DEWATA CARGO,,
COP,NOSE TYRE,505C61-8,,52482180,,EA,Serviceable,,CONTAINER,1,,1546/GRN/SPR/2016,AVIALL PTE LTD,8-Nov-16,BOBBY,POM1121,INV/9304640178,PT.LINTAS DEWATA CARGO,,
COP,NOSE TYRE,505C61-8,,52382168,,EA,Serviceable,,CONTAINER,1,,1546/GRN/SPR/2016,AVIALL PTE LTD,8-Nov-16,BOBBY,POM1121,INV/9304640178,PT.LINTAS DEWATA CARGO,,
COP,NOSE TYRE,505C61-8,,52382207,,EA,Serviceable,,CONTAINER,1,,1546/GRN/SPR/2016,AVIALL PTE LTD,8-Nov-16,BOBBY,POM1121,INV/9304640178,PT.LINTAS DEWATA CARGO,,
COP,NOSE TYRE,505C61-8,,52382210,,EA,Serviceable,,CONTAINER,1,,1546/GRN/SPR/2016,AVIALL PTE LTD,8-Nov-16,BOBBY,POM1121,INV/9304640178,PT.LINTAS DEWATA CARGO,,
COP,NOSE TYRE,505C61-8,,52382216,,EA,Serviceable,,CONTAINER,1,,1546/GRN/SPR/2016,AVIALL PTE LTD,8-Nov-16,BOBBY,POM1121,INV/9304640178,PT.LINTAS DEWATA CARGO,,
COP,NOSE TYRE,505C61-8,,52382219,,EA,Serviceable,,CONTAINER,1,,1546/GRN/SPR/2016,AVIALL PTE LTD,8-Nov-16,BOBBY,POM1121,INV/9304640178,PT.LINTAS DEWATA CARGO,,
COP,NOSE TYRE,505C61-8,,52382228,,EA,Serviceable,,CONTAINER,1,,1546/GRN/SPR/2016,AVIALL PTE LTD,8-Nov-16,BOBBY,POM1121,INV/9304640178,PT.LINTAS DEWATA CARGO,,
COP,NOSE TYRE,505C61-8,,52472004,,EA,Serviceable,,CONTAINER,1,,1546/GRN/SPR/2016,AVIALL PTE LTD,8-Nov-16,BOBBY,POM1121,INV/9304640178,PT.LINTAS DEWATA CARGO,,
COP,NOSE TYRE,505C61-8,,52502210,,EA,Serviceable,,CONTAINER,1,,1546/GRN/SPR/2016,AVIALL PTE LTD,8-Nov-16,BOBBY,POM1121,INV/9304640178,PT.LINTAS DEWATA CARGO,,
COP,NOSE TYRE,505C61-8,,52492333,,EA,Serviceable,,CONTAINER,1,,1546/GRN/SPR/2016,AVIALL PTE LTD,8-Nov-16,BOBBY,POM1121,INV/9304640178,PT.LINTAS DEWATA CARGO,,
ROT,OIL COOLER,8406R/20002A,,11548,,EA,Serviceable,,A5-2,1,,1545/GRN/SPR/2016,N/A,8-Nov-16,BOBBY,N/A,N/A,N/A,,
COP,CABLE,11-05650 FT,,N/A,,FEET,Serviceable,,H4-2,100,,1544/GRN/SPR/2016,AVION LOGISTICS,3-Nov-16,BOBBY,POM1109,INV/970012216,DHL#1106207126,,
COP,CABLE,11-07773 FT,,N/A,,EA,Serviceable,,H4-2,100,,1544/GRN/SPR/2016,AVION LOGISTICS,3-Nov-16,BOBBY,POM1109,INV/970012216,DHL#1106207126,,
COP,HOSE,R221612,,N/A,,CM,Serviceable,,B4-3,50,,1544/GRN/SPR/2016,AVION LOGISTICS,3-Nov-16,BOBBY,POM1116,INV/970012215,DHL#1106207126,,
COP,NIPPLE,AN4022-1,,N/A,,EA,Serviceable,,B3-17,10,,1544/GRN/SPR/2016,AVION LOGISTICS,3-Nov-16,BOBBY,POM1116,INV/970012215,DHL#1106207126,,
REP,GYRO HORIZON,RCA22-11,,215L352,,EA,Serviceable,,C3,1,,1543/GRN/SPR/2016,"NAYLOR'S INSTRUMENT SERVICE, INC.",2-Nov-16,BOBBY,WOM452,INV/8954,DHL#5753935353,,
COP,BEARING,LM67048-20629,,N/A,,EA,Serviceable,,A3-21,3,,1542/GRN/SPR/2016,EPIC AVIATION,2-Nov-16,BOBBY,POM1117,INV/16-016412,DHL#9557884276,,
COP,DETECTOR,1221201-4,,N/A,,EA,Serviceable,,D2-1,2,,1542/GRN/SPR/2016,EPIC AVIATION,2-Nov-16,BOBBY,POM1117,INV/16-016412,DHL#9557884276,,
COP,DISC BRAKE,164-30615-1,,N/A,,EA,Serviceable,,A2-1,4,,1542/GRN/SPR/2016,EPIC AVIATION,2-Nov-16,BOBBY,POM1117,INV/16-016412,DHL#9557884276,,
REP,MUFFELER,0554011-1,,N/A,,EA,Serviceable,,H-5,1,,1541/GRN/SPR/2016,MERPATI MAINTENANCE FACILITY,2-Nov-16,BOBBY,WOM495,DN/102476,PT.POS,,
COP,BOOK INSTRUMENT/COMMERCIAL,10001784-005,,N/A,,EA,Serviceable,,WISNU,100,,1540/GRN/SPR/2016,AVIALL PTE LTD,1-Nov-16,BOBBY,POM1110,INV/9304549123,PT.LINTAS DEWATA CARGO,,
COP,BOOK PRIVATE PILOT,10001360-005,,N/A,,EA,Serviceable,,WISNU,100,,1540/GRN/SPR/2016,AVIALL PTE LTD,1-Nov-16,BOBBY,POM1110,INV/9304549123,VIA PT.LINTAS DEWATA CARGO,,
COP,COMPUTER STUDENT FLT,10001316,,N/A,,EA,Serviceable,,WISNU,100,,1540/GRN/SPR/2016,AVIALL PTE LTD,1-Nov-16,BOBBY,POM1110,INV/9304549123,PT.LINTAS DEWATA CARGO,,
COP,MANUAL GFD MULTI ENGINE,10001888-003,,N/A,,EA,Serviceable,,WISNU,100,,1540/GRN/SPR/2016,AVIALL PTE LTD,1-Nov-16,BOBBY,POM1110,INV/9304549123,PT.LINTAS DEWATA CARGO,,
COP,PLOTTER PJ-1  ROTATING AZMIUTH,10009524-001,,N/A,,EA,Serviceable,,WISNU,100,,1540/GRN/SPR/2016,AVIALL PTE LTD,1-Nov-16,BOBBY,POM1110,INV/9304549123,PT.LINTAS DEWATA CARGO,,
REP,LIFE VEST,P01074-101,,12011480771,,EA,Serviceable,,B1,1,,1539/GRN/SPR/2016,PT.REKATAMA PUTRA GEGANA,29-Oct-16,BOBBY,WO,INV/160/BPP/RPG/10/2016,VIA JNE,,
REP,LIFE VEST,P01074-101,,12011480532,,EA,Serviceable,,B1,1,,1539/GRN/SPR/2016,PT.REKATAMA PUTRA GEGANA,29-Oct-16,BOBBY,WO,INV/160/BPP/RPG/10/2016,VIA JNE,,
REP,LIFE VEST,P01074-101,,11050300013,,EA,Serviceable,,B1,1,,1539/GRN/SPR/2016,PT.REKATAMA PUTRA GEGANA,29-Oct-16,BOBBY,WO,INV/160/BPP/RPG/10/2016,VIA JNE,,
REP,LIFE VEST,P01074-101,,11050300009,,EA,Serviceable,,B1,1,,1539/GRN/SPR/2016,PT.REKATAMA PUTRA GEGANA,29-Oct-16,BOBBY,WO,INV/16/BPP/RPG/10/2016,VIA JNE,,
COP,AFM8 KIT,AFM8-KIT,,N/A,,KIT,Serviceable,,SPECIAL TOOLS,1,,1538/GRN/SPR/2016,EDMO ASIA PACIFIC,29-Oct-16,BOBBY,POM1102,INV/S166220-D01,DHL#8007301293,,
COP,CONTACT PIN,204370-2,,N/A,,EA,Serviceable,,D3-5,100,,1538/GRN/SPR/2016,EDMO ASIA PACIFIC,29-Oct-16,BOBBY,POM1102,INV/S166220-D01,DHL#8007301293,,
COP,CESSNA BAFFLE SET,C172P-BRK 343150,,N/A,,KIT,Serviceable,,F1,1,,1537/GRN/SPR/2016,AIRCRAFT SPRUCE,28-Oct-16,BOBBY,POM1109,INV/419710,DHL#5262223116,,
REP,NAV/COMM KX155A,069-01032-0201,,20787,,EA,Serviceable,,D2,1,,1536/GRN/SPR/2016,HAWKER PACIFIC PTY LTD,28-Oct-16,BOBBY,WOM461,INV/114-026614,DHL#3033113720,,
COP,BRAKE MASTER CYLINDER,9882010-7,,N/A,,EA,Serviceable,,A4-1,4,,1535/GRN/SPR/2016,YINGLING AVIATION,28-Oct-16,BOBBY,POM1118,INV16-25056,DHL#6284093384,,
COP,SUPPORT/RING GEAR,76628,,N/A,,EA,Serviceable,,D1,1,,1534/GRN/SPR/2016,AVION LOGISTICS,27-Oct-16,BOBBY,POM1096,INV/970012184,DHL#5394666104,,
COP,UNIVERSAL JOINT,UJC-KT-1,,N/A,,KIT,Serviceable,,D2-10,2,,1533/GRN/SPR/2016,MC FARLANE,27-Oct-16,BOBBY,POM1108,INV/0263237-IN,DHL#3062943155,,
COP,VALVE FUEL,9851067-4S,,N/A,,EA,Serviceable,,A3-19,1,,1533/GRN/SPR/2016,MC FARLANE,27-Oct-16,BOBBY,POM1108,INV/0263237-IN,DHL#3062943155,,
COP,MOUNT,86212-002,,N/A,,EA,Serviceable,,F2,1,,1532/GRN/SPR/2016,AIRFLITE AUSTRALIA PTY. LTD,26-Oct-16,BOBBY,POM1045,INV/ARI022986,DHL#5522506986,,
COP,WELD ASSY SPROCKET,62789-002,,N/A,,EA,Serviceable,,G3,1,,1383/GRN/ME/2016,AIRFLITE AUSTRALIA PTY. LTD,26-Oct-16,BOBBY,POM1087,INV/ARI022351,DHL#5522506986,,
COP,BATTERY,G243,,G02903028,,EA,Serviceable,,I5-2,1,,1531/GRN/SPR/2016,AVIALL PTE LTD,25-Oct-16,BOBBY,POM1111,INV/9304550014,VIA PT.LINTAS DEWATA CARGO,,
COP,BATTERY,G243,,G02903025,,EA,Serviceable,,I5-2,1,,1531/GRN/SPR/2016,AVIALL PTE LTD,25-Oct-16,BOBBY,POM1111,INV/9304550014,VIA PT.LINTAS DEWATA CARGO,,
COP,OIL FILTER,CH48110-1,,N/A,,EA,Serviceable,,I4-1,100,,1531/GRN/SPR/2016,AVIALL PTE LTD,25-Oct-16,BOBBY,POM1111,INV/9304550014,PT.LINTAS DEWATA CARGO,,
REP,ASPEN EFD1000 PRO INSTAL KIT,ASP_EFD_PRO_001,,N/A,,KITS,Serviceable,,G4,1,,1383/GRN/ME/2016,AIRFLITE AUSTRALIA PTY. LTD,25-Oct-16,BOBBY,POM1085,INV/JMNT2880,DHL#5522544926,,
REP,ASPEN EFD1000 VFR INSTALL KITS,ASP_EFD_VFR_001,,N/A,,KITS,Serviceable,,C5-1,3,,1530/GRN/SPR/2016,AIRFLITE AUSTRALIA PTY. LTD,25-Oct-16,BOBBY,POM1085,INV/JMNT2880,DHL#5522544926,,
REP,AIR BOX,0552164-4,,N/A,,EA,Serviceable,,D1,1,,1529/GRN/SPR/2016,N/A,14-Oct-16,BOBBY,N/A,N/A,N/A,,
COP,EYE WASH PORTABLE,7501,,N/A,,EA,Serviceable,,WISNU,1,,1528/GRN/SPR/2016,CV. TELADAN GROUP INDONESIA,13-Oct-16,BOBBY,POL0463,N/A,N/A,,
COP,AIR FILTER,BA6108,,N/A,,EA,Serviceable,,WISNU,50,,1527/GRN/SPR/2016,AEROSPACE PRODUCT INTERNATIONAL,13-Oct-16,BOBBY,POM1050,INV/0081276387,DHL#4562011101,,
COP,BRAKE DISC [R],164-02300,,N/A,,EA,Serviceable,,G2,1,,1383/GRN/ME/2016,AEROSPACE PRODUCT INTERNATIONAL,13-Oct-16,BOBBY,POM1050,INV/0081276387,DHL#4562011101,,
COP,BRAKE LINNING,066-30026,,N/A,,EA,Serviceable,,A3-14,50,,1527/GRN/SPR/2016,AEROSPACE PRODUCT INTERNATIONAL,13-Oct-16,BOBBY,POM1050,INV/0081276387,DHL#4562011101,,
COP,BRAKE LINNING,066-10500,,N/A,,EA,Serviceable,,A3-14,100,,1527/GRN/SPR/2016,AEROSPACE PRODUCT INTERNATIONAL,13-Oct-16,BOBBY,POM1050,INV/0081276387,DHL#4562011101,,
COP,GARTER FILTER,ARB3-5-1,,N/A,,EA,Serviceable,,WISNU,50,,1527/GRN/SPR/2016,AEROSPACE PRODUCT INTERNATIONAL,13-Oct-16,BOBBY,POM1050,INV/0081276387,DHL#4562011101,,
COP,VACUUMP PUMP,AA3215CC,,0B9A11,,EA,Serviceable,,A2-1,1,,1527/GRN/SPR/2016,AEROSPACE PRODUCT INTERNATIONAL,13-Oct-16,BOBBY,POM1050,INV/0081276387,DHL#4562011101,,
COP,VACUUMP PUMP,AA3215CC,,0B9A10,,EA,Serviceable,,A2-1,1,,1527/GRN/SPR/2016,AEROSPACE PRODUCT INTERNATIONAL,13-Oct-16,BOBBY,POM1050,INV/0081276387,DHL#4562011101,,
COP,WHEEL ASSEMBLY,40-77B,,N/A,,EA,Serviceable,,B2-2,1,,1527/GRN/SPR/2016,AEROSPACE PRODUCT INTERNATIONAL,13-Oct-16,BOBBY,POM1050,INV/0081276387,DHL#4562011101,,
REP,ADF,066-1072-00,,25651,,EA,Unserviceable,,WISNU,1,,1526/GRN/SPR/2016,N/A,12-Oct-16,BOBBY,N/A,N/A,N/A,,
REP,BATTERY CONTACTOR,S1580-1,,N/A,,EA,Unserviceable,,QUARANTINE,1,,1526/GRN/SPR/2016,N/A,12-Oct-16,BOBBY,N/A,N/A,N/A,,
REP,BATTERY CONTACTOR,S1580-1,,N/A,,EA,Serviceable,,C3-1,2,,1526/GRN/SPR/2016,N/A,12-Oct-16,BOBBY,N/A,N/A,N/A,,
REP,TRANSPONDER,066-01156-0101,,5907,,EA,Serviceable,,E2,1,,1526/GRN/SPR/2016,N/A,12-Oct-16,BOBBY,N/A,N/A,N/A,,
REP,TURN AND  BANK,1394T100-73,,B09-10238,,EA,Serviceable,,C3-2,1,,1526/GRN/SPR/2016,N/A,12-Oct-16,BOBBY,N/A,N/A,N/A,,
REP,TURN AND BANK,1394T100-7B,,L12-10090,,EA,Serviceable,,C3-2,1,,1526/GRN/SPR/2016,N/A,12-Oct-16,BOBBY,N/A,N/A,N/A,,
COP,MONITOR SIMULATOR,N/A,,N/A,,EA,Serviceable,,WISNU,1,,1525/GRN/SPR/2016,REDBIRD FLIGHT SIMULATOR,11-Oct-16,BOBBY,N/A,N/A,DHL#1118623682,,
COP,BATTERY,G243D,,G02903023,,EA,Serviceable,,WISNU,1,,1524/GRN/SPR/2016,AVIALL PTE LTD,10-Oct-16,BOBBY,POM1111,INV/9304495142,DHL#5519034452,,
COP,BATTERY,G243D,,G02903024,,EA,Serviceable,,WISNU,1,,1524/GRN/SPR/2016,AVIALL PTE LTD,10-Oct-16,BOBBY,POM1111,INV/9304495142,DHL#5519034452,,
COP,CLUSTER FUEL,C669537-0101,,829288,,EA,Serviceable,,C3-1,1,,1523/GRN/SPR/2016,HAWKER PACIFIC PTY LTD,10-Oct-16,BOBBY,WOM457,INV/114-026378,DHL#9666433405,,
REP,TRANSPONDER KT76A,066-1062-00,,135062,,EA,Serviceable,,E2,1,,1523/GRN/SPR/2016,HAWKER PACIFIC PTY LTD,10-Oct-16,BOBBY,WOM455,INV/114-026378,DHL#9666433405,,
COP,LINE ASSY,1700121-118,,N/A,,EA,Serviceable,,B4-1,2,,1522/GRN/SPR/2016,AVION LOGISTICS,10-Oct-16,BOBBY,POM1100,INV/970012138,DHL#4806459265,,
COP,HOSE,LW16217,,N/A,,EA,Serviceable,,G1,1,,1383/GRN/ME/2016,AVIALL PTE LTD,8-Oct-16,BOBBY,POM987,INV/9304482049,DHL#2785950403,,
REP,GYRO HORIZON,RCA22-11,,212C042,,EA,Serviceable,,C3-3,1,,1520/GRN/SPR/2016,"NAYLOR'S INSTRUMENT SERVICE, INC.",8-Oct-16,BOBBY,WARRANTY CLAIM,INV/18892,DHL#2901324300,,
REP,TRANSPONDER,066-01156-0101,,14159,,EA,Serviceable,,E2,1,,1519/GRN/SPR/2016,HAWKER PACIFIC PTY LTD,8-Oct-16,BOBBY,WOM453,INV/114-026378,DHL#2818364603,,
REP,TRANSPONDER,066-01156-0101,,8800,,EA,Serviceable,,E2,1,,1519/GRN/SPR/2016,HAWKER PACIFIC PTY LTD,8-Oct-16,BOBBY,WOM453,INV/114-026378,DHL#2818364603,,
REP,TRANSPONDER KT76A,066-1062-00,,37668,,EA,Serviceable,,E2,1,,1519/GRN/SPR/2016,HAWKER PACIFIC PTY LTD,8-Oct-16,BOBBY,WOM455,INV/114-026378,DHL#2818364603,,
COP,MULTI PURPOSE FLUID (AEROSHELL FLUID 3),MIL-PRF-7870,,N/A,,LITER,Serviceable,,WISNU,4,,1518/GRN/SPR/2016,N/A,7-Oct-16,BOBBY,POM1091,DN/16-09-937,VIA KARUNA JAYA,,
COP,OIL ENGINE,ASW100+,,N/A,,LITER,Serviceable,,FLAMABLE ROOM,100,,1518/GRN/SPR/2016,N/A,7-Oct-16,BOBBY,POM1091,DN/16-09-937,VIA KARUNIA JAYA,,
COP,CHERRY RIVET,CR3213-4-4,,N/A,,EA,Serviceable,,D3-13,50,,1517/GRN/SPR/2016,EPIC AVIATION,8-Oct-16,BOBBY,POM1105,INV/16-015841,DHL#5080464266,,
COP,HEAD PAD,40266G-01,,N/A,,EA,Serviceable,,C4-1,10,,1517/GRN/SPR/2016,EPIC AVIATION,8-Oct-16,BOBBY,POM1094,INV/16-015841,DHL#5080464266,,
REP,MUFFLER,A1754001-25,,50244,,EA,Serviceable,,F3,1,,1517/GRN/SPR/2016,EPIC AVIATION,8-Oct-16,BOBBY,POM1101,INV/16-015841,DHL#5080464266,,
REP,RISER,A1754010-1,,48618,,EA,Serviceable,,A5-1,1,,1517/GRN/SPR/2016,EPIC AVIATION,8-Oct-16,BOBBY,POM1101,INV/16-015841,DHL#5080464266,,
REP,RISER,A1754009-1,,49917,,EA,Serviceable,,A5-1,1,,1517/GRN/SPR/2016,EPIC AVIATION,8-Oct-16,BOBBY,POM1101,INV/16-015841,DHL#5080464266,,
REP,RISER,A1754008-1,,49928,,EA,Serviceable,,A5-1,1,,1517/GRN/SPR/2016,EPIC AVIATION,8-Oct-16,BOBBY,POM1101,INV/16-015841,DHL#5080464266,,
REP,RISER,A1754007-1,,50744,,EA,Serviceable,,A5-1,1,,1517/GRN/SPR/2016,EPIC AVIATION,8-Oct-16,BOBBY,POM1101,INV/16-015841,DHL#5080464266,,
COP,RIVET,MS20470AD4-6,,N/A,,EA,Serviceable,,D3-13,4,,1517/GRN/SPR/2016,EPIC AVIATION,8-Oct-16,BOBBY,POM1105,INV/16-015841,DHL#5080464266,,
REP,SHROUD MUFFLER,A9954100-3,,50783,,ASSY,Serviceable,,F3,1,,1517/GRN/SPR/2016,EPIC AVIATION,8-Oct-16,BOBBY,POM1101,INV/16-015841,DHL#5080464266,,
REP,STARTER,149-NL,,FN-291623,,EA,Serviceable,,G5,1,,1383/GRN/ME/2016,EPIC AVIATION,8-Oct-16,BOBBY,POM1094,INV/16-015841,DHL#5080464266,,
COP,VALVE DRAIN,S1951-5,,N/A,,EA,Serviceable,,A3-20,2,,1517/GRN/SPR/2016,EPIC AVIATION,8-Oct-16,BOBBY,POM1105,INV/16-015841,DHL#5080464266,,
ROT,PROPELLER,1C160/DTM7557M1,,AFL44010,,ASSY,Serviceable,,FLAMABLE ROOM,1,,1516/GRN/SPR/2016,PT.REKATAMA PUTRA GEGANA,5-Oct-16,BOBBY,WOM454,SD/91/LOC/BWD/IV/2016,VIA POS LOGISTICS,,
ROT,AIRCRAFT ENGINE,O-320-D2J,,L-19556-39E,,EA,Serviceable,,WISNU,1,,1515/GRN/SPR/2016,AVION LOGISTICS,30-Sep-16,BOBBY,POM955,INV/144609,297-58557634,,
COP,BELLCRANK,411563,,N/A,,EA,Serviceable,,D3-4,4,,1514/GRN/SPR/2016,YINGLING AVIATION,30-Sep-16,BOBBY,POM1097,INV16-22720,DHL#7816743793,,
COP,LINK,0511336-1,,N/A,,EA,Serviceable,,D3-4,4,,1514/GRN/SPR/2016,YINGLING AVIATION,30-Sep-16,BOBBY,POM1097,INV16-22720,DHL#7816743793,,
COP,PIN,MS20392-2C15,,N/A,,EA,Serviceable,,D3-4,20,,1514/GRN/SPR/2016,YINGLING AVIATION,30-Sep-16,BOBBY,POM1097,INV16-22720,DHL#7816743793,,
REP,GNS430,011-00280-10,,97127985,,EA,Serviceable,,G2,1,,1383/GRN/ME/2016,N/A,30-Sep-16,BOBBY,N/A,N/A,N/A,,
REP,NAV/COM,MX385,,3259,,EA,Serviceable,,E2,1,,1513/GRN/SPR/2016,N/A,30-Sep-16,BOBBY,N/A,N/A,N/A,,
REP,NAV/COMM KX155A,069-01032-0101,,27045,,EA,Serviceable,,E2,1,,1513/GRN/SPR/2016,N/A,30-Sep-16,BOBBY,N/A,N/A,N/A,,
REP,NAV/COMM KX155A,069-01032-0101,,26292,,EA,Serviceable,,E2,1,,1513/GRN/SPR/2016,N/A,30-Sep-16,BOBBY,N/A,N/A,N/A,,
COP,CABIN DOOR HINGE PIN,0711001-59,,N/A,,EA,Serviceable,,D3-11,10,,1512/GRN/SPR/2016,YINGLING AVIATION,30-Sep-16,BOBBY,POM1103,INV16-22719,DHL#7816743793,,
COP,CHERRY RIVET,S2906-4-4,,N/A,,EA,Serviceable,,D3-9,50,,1512/GRN/SPR/2016,YINGLING AVIATION,30-Sep-16,BOBBY,POM1103,INV16-22719,DHL#7816743793,,
COP,CHERRY RIVET,CR3213-5-04,,N/A,,EA,Serviceable,,D3-13,100,,1512/GRN/SPR/2016,YINGLING AVIATION,30-Sep-16,BOBBY,POK1103,INV16-22719,DHL#7816743793,,
COP,HINGE AY,0511238-1,,N/A,,EA,Serviceable,,D3-11,2,,1512/GRN/SPR/2016,YINGLING AVIATION,30-Sep-16,BOBBY,POM1103,INV16-22719,DHL#7816743793,,
COP,BLANK CARD,10024995,,N/A,,EA,Serviceable,,G2,3,,1383/GRN/ME/2016,SOUTHEAST AEROSPACE,27-Sep-16,BOBBY,POM1082,INV/207742,DHL#2250501315,,
REP,GA-56 GPS ANTENNA,011-00134-00,,59409715,,EA,Serviceable,,G1,1,,1383/GRN/ME/2016,SOUTHEAST AEROSPACE,27-Sep-16,BOBBY,POM1082,INV/207742,DHL#2250501315,,
REP,GA-56 GPS ANTENNA,011-00134-00,,59075456,,EA,Serviceable,,G1,1,,1383/GRN/ME/2016,SOUTHEAST AEROSPACE,27-Sep-16,BOBBY,POM1082,INV/207742,DHL#2250501315,,
REP,GA-56 GPS ANTENNA,011-00134-00,,59409721,,EA,Serviceable,,G1,1,,1383/GRN/ME/2016,SOUTHEAST AEROSPACE,27-Sep-16,BOBBY,POM1082,INV/207742,DHL#2250501315,,
REP,GNS 430 HARDWARE KIT,GA-56 KIT,,N/A,,EA,Serviceable,,G2,3,,1383/GRN/ME/2016,SOUTHEAST AEROSPACE,27-Sep-16,BOBBY,POM1082,INV/207742,DHL#2250501315,,
REP,GNS430,011-00280-10,,97102790,,EA,Serviceable,,G2,1,,1383/GRN/ME/2016,SOUTHEAST AEROSPACE,27-Sep-16,BOBBY,POM1082,INV/207742,DHL#2250501315,,
REP,GNS430,011-00280-10,,97115127,,EA,Serviceable,,G2,1,,1383/GRN/ME/2016,SOUTHEAST AEROSPACE,27-Sep-16,BOBBY,POM1082,INV/207742,DHL#2250501315,,
REP,GNS430,011-00280-10,,97108092,,EA,Serviceable,,G2,1,,1383/GRN/ME/2016,SOUTHEAST AEROSPACE,27-Sep-16,BOBBY,POM1082,INV/207742,DHL#2250501315,,
COP,GNS430 BACK PLATE,011-00676-00,,N/A,,EA,Serviceable,,G1,3,,1383/GRN/ME/2016,SOUTHEAST AEROSPACE,27-Sep-16,BOBBY,POM1082,INV/207742,DHL#2250501315,,
COP,INSTALL KIT GNS430,GNS-430/430W/530/530W S,,N/A,,EA,Serviceable,,G1,3,,1383/GRN/ME/2016,SOUTHEAST AEROSPACE,27-Sep-16,BOBBY,POM1082,INV/207742,DHL#2250501315,,
COP,MOUNTING RACK GNS430,115-00243-00,,N/A,,EA,Serviceable,,G1,3,,1383/GRN/ME/2016,SOUTHEAST AEROSPACE,27-Sep-16,BOBBY,POM1082,INV/207742,DHL#2250501315,,
COP,PILOTS GUIDE GNS430,190-00140-00,,N/A,,EA,Serviceable,,CUPBOARD DOCUMENT,1,,1511/GRN/SPR/2016,SOUTHEAST AEROSPACE,27-Sep-16,BOBBY,POM1082,INV/207742,DHL#2250501315,,
COP,QUICK REFERENCE GUIDE,190-00140-01,,N/A,,EA,Serviceable,,CUPBOARD DOCUMENT,3,,1511/GRN/SPR/2016,SOUTHEAST AEROSPACE,27-Sep-16,BOBBY,POM1082,INV/207742,DHL#2250501315,,
COP,TERRAIN DATA BASE,010-10201-21,,N/A,,EA,Serviceable,,G2,3,,1383/GRN/ME/2016,SOUTHEAST AEROSPACE,27-Sep-16,BOBBY,POM1082,INV/207742,DHL#2250501315,,
ROT,MAGNETO,4371,,16080197,,EA,Serviceable,,A5-2,1,,1510/GRN/SPR/2016,AVION LOGISTICS,27-Sep-16,BOBBY,POM1093,INV/970012106,DHL#2195326571,,
ROT,MAGNETO,4371,,16080696,,EA,Serviceable,,A5-2,1,,1510/GRN/SPR/2016,AVION LOGISTICS,27-Sep-16,BOBBY,POM1093,INV/970012106,DHL#2195326571,,
ROT,MAGNETO,4371,,16090023,,EA,Serviceable,,A5-2,1,,1510/GRN/SPR/2016,AVION LOGISTICS,27-Sep-16,BOBBY,POM1093,INV/970012106,DHL#2195326571,,
ROT,MAGNETO,4371,,16090022,,EA,Serviceable,,A5-2,1,,1510/GRN/SPR/2016,AVION LOGISTICS,27-Sep-16,BOBBY,POM1093,INV/970012106,DHL#2195326571,,
COP,CHT PROBE,86251,,N/A,,EA,Serviceable,,G3,2,,1383/GRN/ME/2016,AVION LOGISTICS,22-Sep-16,BOBBY,POM1049,INV/970012076,DHL#9165216690,,
COP,LAMP,4509,,N/A,,EA,Serviceable,,G2,5,,1383/GRN/ME/2016,AVION LOGISTICS,22-Sep-16,BOBBY,POM1093,INV/970012077,DHL#9165216690,,
COP,MICROPHONE,12948G01,,N/A,,EA,Serviceable,,C2-2,4,,1509/GRN/SPR/2016,AVION LOGISTICS,22-Sep-16,BOBBY,POM1093,INV/970012082,DHL#9165216690,,
COP,RIVET,105-00200,,N/A,,EA,Serviceable,,A3-14,200,,1509/GRN/SPR/2016,AVION LOGISTICS,22-Sep-16,BOBBY,POM1093,INV/970012082,DHL#9166216690,,
ROT,STARTER,149-NLR,,FNR-241603,,EA,Serviceable,,G5,1,,1383/GRN/ME/2016,AVION LOGISTICS,22-Sep-16,BOBBY,POM1093,INV/970012082,DHL#9165216690,,
ROT,STARTER,149-NLR,,FNR-241613,,EA,Serviceable,,G5,1,,1383/GRN/ME/2016,AVION LOGISTICS,22-Sep-16,BOBBY,POM1093,INV/970012082,DHL#9165216690,,
ROT,STARTER,149-NL,,FN-281665,,EA,Serviceable,,G5,1,,1383/GRN/ME/2016,AVION LOGISTICS,22-Sep-16,BOBBY,POM1093,INV/970012082,DHL#9165216690,,
ROT,STARTER,149-NL,,FN-281666,,EA,Serviceable,,G5,1,,1383/GRN/ME/2016,AVION LOGISTICS,22-Sep-16,BOBBY,POM1093,INV/970012082,DHL#9165216690,,
ROT,A/H,102-0071-03,,211H201,,EA,Serviceable,,C3-2,1,,1508/GRN/SPR/2016,AVTEK,21-Sep-16,BOBBY,WOM450,AT-1498/INV/IX/2016,DHL#6920122075,,
REP,AUDIO CONROL PANEL,066-1055-03,,16438,,EA,Serviceable,,E3,1,,1508/GRN/SPR/2016,AVTEK,21-Sep-16,BOBBY,WOM450,AT-1502/INV/IX/2016,DHL#6920122075,,
,LAMP,4509,,N/A,,EA,Serviceable,,G2,5,,1383/GRN/ME/2016,HAWKER PACIFIC PTY LTD,21-Sep-16,BOBBY,POM1092,DN/336907,DHL#7054573595,,
,SCREW,S1021Z8-8,,N/A,,EA,Serviceable,,A3-1,200,,1507/GRN/SPR/2016,HAWKER PACIFIC PTY LTD,21-Sep-16,BOBBY,POM1092,DN/336907,DHL#7054573595,,
,STARTER,149-NLR,,FNR-291602,,EA,Serviceable,,G5,1,,1383/GRN/ME/2016,HAWKER PACIFIC PTY LTD,21-Sep-16,BOBBY,POM1092,DN/336907,DHL#7054573595,,
,STUD,0742410-27,,N/A,,EA,Serviceable,,D3-10,1,,1507/GRN/SPR/2016,HAWKER PACIFIC PTY LTD,21-Sep-16,BOBBY,POM1092,DN/336907,DHL#7054573595,,
,CARBURATOR,17-Oct,,MSC84702,,EA,Serviceable,,A5-2,1,,1506/GRN/SPR/2016,YINGLING AVIATION,16-Sep-16,BOBBY,POM1095,INV/16-21311,DHL#8324822800,,
,CARBURATOR,17-Oct,,MSC88301,,EA,Serviceable,,A5-2,1,,1506/GRN/SPR/2016,YINGLING AVIATION,16-Sep-16,BOBBY,POM1095,INV/16-21311,DHL#8324822800,,
,STUD,0742410-27,,N/A,,EA,Serviceable,,D3-10,1,,1506/GRN/SPR/2016,YINGLING AVIATION,16-Sep-16,BOBBY,POM1095,INV/16-21311,DHL#8324822800,,
,KN62A DME,066-1068-01,,25832,,EA,Serviceable,,E3,1,,1505/GRN/SPR/2016,AUSTRALIAN AVIONICS,16-Sep-16,BOBBY,WOM449,INV/114-026126,DHL#2925102736,,
,VOR KI209A,066-3056-11,,3614,,EA,Serviceable,,C4-2,1,,1505/GRN/SPR/2016,AUSTRALIAN AVIONICS,16-Sep-16,BOBBY,WOM449,INV/114-026126,DHL#2925102736,,
,HOSE,LW16217,,N/A,,EA,Serviceable,,G1,1,,1383/GRN/ME/2016,AVIALL PTE LTD,16-Sep-16,BOBBY,POM987,INV/9304358717,DHL#7527663916,,
,SPARK PLUG,REM40E,,N/A,,EA,Serviceable,,B2-3,40,,1503/GRN/SPR/2016,AVIALL PTE LTD,9-Sep-16,BOBBY,POM1090,INV/9304357580,DHL#2693954476,,
,ROD ASSY,62764-800,,N/A,,EA,Serviceable,,G1,2,,1502/GRN/SPR/2016,AVIALL PTE LTD,9-Sep-16,BOBBY,POM1086,INV/9304331481,DHL#8450425012,,
,WELD ASSY SPROCKET,62789-002,,N/A,,EA,Serviceable,,G3,1,,1383/GRN/ME/2016,PIPER AIRCRAFT INC,9-Sep-16,BOBBY,POM1086,SHIP REF/SA0105263,DHL#3896276440,,
,COMPASS,C660501-0102,,N/A,,EA,Serviceable,,C3-1,1,,1500/GRN/SPR/2016,N/A,9-Sep-16,BOBBY,N/A,N/A,N/A,,
,COMPASS,2300,,16601,,EA,Serviceable,,C3-1,1,,1500/GRN/SPR/2016,N/A,9-Sep-16,BOBBY,N/A,N/A,N/A,,
,ALLUMUNIUM FLARED TUBE PLUG,AN806-2D,,N/A,,EA,Serviceable,,D3-2,10,,1499/GRN/SPR/2016,EPIC AVIATION,8-Sep-16,BOBBY,"POM100,1074,1077",INV/16-014932,DHL#5006447994,,
,ALLUMUNIUM FLARED TUBE PLUG,AN806-4D,,N/A,,EA,Serviceable,,D3-2,10,,1499/GRN/SPR/2016,EPIC AVIATION,8-Sep-16,BOBBY,"POM1066,1074,1077",INV/16-014932,DHL#5006447994,,
,BAFFLE,86939-002,,N/A,,EA,Serviceable,,G1,1,,1383/GRN/ME/2016,EPIC AVIATION,8-Sep-16,BOBBY,"POM1066,1074,1077",INV/16-014932,DHL#5006447994,,
,FITTING ALLUMUNIUM CAP,04-03480,,N/A,,EA,Serviceable,,D3-2,10,,1499/GRN/SPR/2016,EPIC AVIATION,8-Sep-16,BOBBY,"POM1066,1074,1077",INV/16-014932,DHL#5006447994,,
,FITTING ALLUMUNIUM CAP,04-03479,,N/A,,EA,Serviceable,,D3-2,10,,1499/GRN/SPR/2016,EPIC AVIATION,8-Sep-16,BOBBY,"POM1066,1074,1077",INV/16-014932,DHL#5006447994,,
,FITTING ALLUMUNIUM CAP,04-03481,,N/A,,EA,Serviceable,,D3-2,10,,1499/GRN/SPR/2016,EPIC AVIATION,8-Sep-16,BOBBY,"POM1066,1074,1077",INV/16-014932,DHL#5006447994,,
,NUT,1514119-3,,N/A,,EA,Serviceable,,A2-9,1,,1499/GRN/SPR/2016,EPIC AVIATION,8-Sep-16,BOBBY,"POM1066,1074,1077",INV/16-014932,DHL#5006447994,,
,PIN,NAS561P4-10,,N/A,,EA,Serviceable,,D3-10,25,,1499/GRN/SPR/2016,EPIC AVIATION,8-Sep-16,BOBBY,"POM1066,1074,1077",INV/16-014932,DHL#5006447994,,
,PLUG FLARED TUBE,AN806-3D,,N/A,,EA,Serviceable,,D3-2,10,,1499/GRN/SPR/2016,EPIC AVIATION,8-Sep-16,BOBBY,"POM1066,1074,1077",INV/16-014932,DHL#5006447994,,
,ROLL PIN,NAS561P4-12,,N/A,,EA,Serviceable,,D3-10,50,,1499/GRN/SPR/2016,EPIC AVIATION,8-Sep-16,BOBBY,"POM1066,1074,1077",INV/16-0149,DHL#5006447994,,
,SCREW,NAS514P1032-14,,N/A,,EA,Serviceable,,A3-4,50,,1499/GRN/SPR/2016,EPIC AVIATION,8-Sep-16,BOBBY,POM1066,INV/16-014932,DHL#5006447994,,
,SCREW AY,0514027-21,,N/A,,EA,Serviceable,,A2-2,1,,1499/GRN/SPR/2016,EPIC AVIATION,8-Sep-16,BOBBY,"POM1066,1074,1077",INV/16-14932,DHL#5006447994,,
ROT,A/H,102-0071-03,,211F145,,EA,Serviceable,,C3-2,1,,1498/GRN/SPR/2016,"NAYLOR'S INSTRUMENT SERVICE, INC.",8-Sep-16,BOBBY,WOM445,INV/18814,DHL#1285143344,,
ROT,A/H,102-0071-03,,2.13E+113,,EA,Serviceable,,C3-2,1,,1498/GRN/SPR/2016,"NAYLOR'S INSTRUMENT SERVICE, INC.",8-Sep-16,BOBBY,WOM445,INV/18814,DHL#1285143344,,
ROT,DGI,1U262-003-14,,T59582M,,EA,Serviceable,,C3-2,1,,1498/GRN/SPR/2016,"NAYLOR'S INSTRUMENT SERVICE, INC.",8-Sep-16,BOBBY,WOM442,INV/18814,DHL#1285143344,,
ROT,TURN AND BANK,1394T100-7Z,,E05-12173,,EA,Serviceable,,C3-2,1,,1498/GRN/SPR/2016,"NAYLOR'S INSTRUMENT SERVICE, INC.",8-Sep-16,BOBBY,WOM442,INV/18814,DHL#1285143344,,
,FITTING,AS15002-1P,,N/A,,EA,Serviceable,,D3-10,30,,1497/GRN/SPR/2016,AVION LOGISTICS,8-Sep-16,BOBBY,POM1085,INV/970012030,DHL#9993698190,,
,GEAR STARTER RING,72566,,N/A,,EA,Serviceable,,D1,1,,1497/GRN/SPR/2016,AVION LOGISTICS,8-Sep-16,BOBBY,POM1068,INV/970012031,DHL#9993698190,,
,INTERCOM,SPA400,,6072648,,EA,Serviceable,,C3-1,1,,1497/GRN/SPR/2016,AVION LOGISTICS,8-Sep-16,BOBBY,POM1068,INV/970012031,DHL#9993698190,,
,INTERCOM,SPA400,,6072651,,EA,Serviceable,,C3-1,1,,1497/GRN/SPR/2016,AVION LOGISTICS,8-Sep-16,BOBBY,POM1068,INV/97001231,DHL#9993698190,,
ROT,MAGNETO,4371,,16060629,,EA,Serviceable,,A5-2,1,,1497/GRN/SPR/2016,AVION LOGISTICS,8-Sep-16,BOBBY,POM1068,INV/970012031,DHL#9993698190,,
ROT,MAGNETO,4371,,16060626,,EA,Serviceable,,A5-2,1,,1497/GRN/SPR/2016,AVION LOGISTICS,8-Sep-16,BOBBY,POM1068,INV/970012031,DHL#9993698190,,
,HAND FUEL PUMP,LP-32,,N/A,,EA,Serviceable,,TOOLS,2,,1496/GRN/SPR/2016,SUMBER CAHAYA PRIMA TEKNIK,8-Sep-16,BOBBY,POM1052,N/A,VIA DAKOTA,,
,HEADSET,12508G-17,,N/A,,EA,Serviceable,,C4-2,1,,1495/GRN/SPR/2016,N/A,8-Sep-16,BOBBY,N/A,N/A,N/A,,
,WIRE TWISTTER,J197,,N/A,,EA,Serviceable,,TOOLS,1,,1494/GRN/SPR/2016,PT.EKATAMA PUTRA PERKASA,5-Sep-16,BOBBY,N/A,N/A,VIA TIKI,,
,LOG BOOK PROPELLER,1C160/DTM 7557 M1,,81348,,EA,Serviceable,,CUPBOARD DOCUMENT,1,,1493/GRN/SPR/2016,PT.REKATAMA PUTRA GEGANA,5-Sep-16,BOBBY,N/A,122/BPP/RPG/08/2016,VIA POS,,
,LOG BOOK PROPELLER,1C160/DTM 7557 M1,,SK003,,EA,Serviceable,,CUPBOARD DOCUMENT,1,,1493/GRN/SPR/2016,PT.REKATAMA PUTRA GEGANA,5-Sep-16,BOBBY,N/A,122/BPP/RPG/08/2016,VIA POS,,
,MOUNTING TRAY,047-0940-004,,N/A,,EA,Serviceable,,A4-2,1,,1492/GRN/SPR/2016,N/A,3-Sep-16,BOBBY,N/A,N/A,N/A,,
ROT,NAV/COMM KX-155,069-1024-43,,120737,,EA,Serviceable,,E2,1,,1492/GRN/SPR/2016,N/A,3-Sep-16,BOBBY,N/A,N/A,N/A,,
ROT,NAV/COMM KX155A,069-01032-0101,,26292,,EA,Serviceable,,E3,1,,1491/GRN/SPR/2016,N/A,3-Sep-16,BOBBY,N/A,N/A,N/A,,
ROT,NAV/COMM KX155A,069-01032-0101,,17641,,EA,Serviceable,,E3,1,,1491/GRN/SPR/2016,N/A,3-Sep-16,BOBBY,N/A,N/A,N/A,,
ROT,NAV/COMM KX155A,069-01032-0101,,4120,,EA,Serviceable,,E3,1,,1491/GRN/SPR/2016,N/A,3-Sep-16,BOBBY,N/A,N/A,N/A,,
REP,AUDIO CONROL PANEL,066-1055-03,,16438,,EA,Serviceable,,E2,1,,1490/GRN/SPR/2016,N/A,1-Sep-16,BOBBY,N/A,N/A,N/A,,
REP,AUDIO CONROL PANEL,066-1055-03,,6880,,EA,Serviceable,,E2,1,,1490/GRN/SPR/2016,N/A,1-Sep-16,BOBBY,N/A,N/A,N/A,,
REP,INTERCOM,SPA-400,,6070963,,EA,Serviceable,,C2,1,,1490/GRN/SPR/2016,N/A,1-Sep-16,BOBBY,N/A,N/A,N/A,,
ROT,NAV/COMM KX-155,069-1024-43,,120737,,EA,Serviceable,,E2,1,,1489/GRN/SPR/2016,N/A,1-Sep-16,BOBBY,N/A,N/A,N/A,,
COP,ANTENNA,C157,,314093,,EA,Serviceable,,A4-1,1,,1488/GRN/SPR/2016,N/A,30-Aug-16,BOBBY,N/A,N/A,N/A,,
REP,INTERCOM,SPA-400,,6070458,,EA,Serviceable,,C3-1,1,,1488/GRN/SPR/2016,N/A,30-Aug-16,BOBBY,N/A,N/A,N/A,,
ROT,NAV/COMM RT385A,46660-1000,,20425,,EA,Serviceable,,E3,1,,1488/GRN/SPR/2016,N/A,30-Aug-16,BOBBY,N/A,N/A,N/A,,
ROT,TURN AND BANK,1394T100-7B,,D06-10777,,EA,Serviceable,,C3-2,1,,1488/GRN/SPR/2016,N/A,30-Aug-16,BOBBY,N/A,N/A,N/A,,
COP,DETECTOR LIFT,148-7,,859328045,,EA,Unserviceable,,QUARANTINE,1,,1487/GRN/SPR/2016,N/A,30-Aug-16,BOBBY,N/A,N/A,N/A,,
REP,ELT ME 406,453-06669,,197-06669,,EA,Unserviceable,,QUARANTINE,1,,1487/GRN/SPR/2016,N/A,30-Aug-16,BOBBY,N/A,N/A,N/A,,
,VOLTAGE REGULATOR,DGR3,,80363557,,EA,Unserviceable,,QUARANTINE,1,,1487/GRN/SPR/2016,N/A,30-Aug-16,BOBBY,N/A,N/A,N/A,,
,VOLTAGE REGULATOR,VR515GA,,80L76114,,EA,Unserviceable,,QUARANTINE,1,,1487/GRN/SPR/2016,N/A,30-Aug-16,BOBBY,N/A,N/A,N/A,,
COP,NOSE TUBE,092-308-0,,N/A,,EA,Serviceable,,D3,10,,1486/GRN/SPR/2016,AVIALL PTE LTD,30-Aug-16,BOBBY,POM1073,9304292107,DHL#387959566,,
COP,SPARK PLUG,REM40E,,N/A,,EA,Serviceable,,B2-3,60,,1485/GRN/SPR/2016,AVIALL PTE LTD,30-Aug-16,BOBBY,1084,9304297114,DHL5135556322,,
ROT,TRANSPONDER,066-01156-0101,,5520,,EA,Serviceable,,E2,1,,1484/GRN/SPR/2016,SOUTHEAST AEROSPACE,30-Aug-16,BOBBY,POM1081,207248,DHL3028294183,,
ROT,TRANSPONDER,066-01156-0101,,7217,,EA,Serviceable,,E2,1,,1484/GRN/SPR/2016,SOUTHEAST AEROSPACE,30-Aug-16,BOBBY,POM1081,207248,DHL#3028294183,,
COP,CYLINDER PREASSURE TESTER,E2M,,A&B,,EA,Serviceable,,SPECIAL TOOLS,1,,1483/GRN/SPR/2016,PT.GAYA DINAMIKA ANGKASA,30-Aug-16,BOBBY,N/A,GDA.PB.16.389,DHL#5138262080,,
COP,WEIGHING SCALE,M2000-3KP,,Dec-71,,SET,Serviceable,,TOOLS,1,,1483/GRN/SPR/2016,PT.GAYA DINAMIKA ANGKASA,30-Aug-16,BOBBY,N/A,GDA.PB.16.162-2,DHL#5138262080,,
COP,COUPLER,DMH69-1,,9439,,EA,Serviceable,,A4-1,1,,1482/GRN/SPR/2016,AIRCRAFT SPRUCE,29-Aug-16,BOBBY,1037,385562,N/A,,
COP,COUPLER,DMH69-1,,9438,,EA,Serviceable,,A4-1,1,,1482/GRN/SPR/2016,AIRCRAFT SPRUCE,29-Aug-16,BOBBY,1037,385562,N/A,,
COP,COUPLER,DMH69-1,,9432,,EA,Serviceable,,A4-1,1,,1482/GRN/SPR/2016,AIRCRAFT SPRUCE,29-Aug-16,BOBBY,1037,385562,N/A,,
COP,COUPLER,DMH69-1,,9446,,EA,Serviceable,,A4-1,1,,1482/GRN/SPR/2016,AIRCRAFT SPRUCE,29-Aug-16,BOBBY,1037,385562,N/A,,
COP,MICROPHONE ICOM,HM-176,,N/A,,EA,Serviceable,,E2,2,,1482/GRN/SPR/2016,AIRCRAFT SPRUCE,29-Aug-16,BOBBY,1037,385562,N/A,,
COP,BOTTLE ASSY,86546-006,,N/A,,EA,Serviceable,,G1,2,,1383/GRN/ME/2016,AVION LOGISTICS,23-Aug-16,BOBBY,POM1049,N/A,N/A,,
COP,CYLINDER KIT,05K21104,,N/A,,EA,Serviceable,,C4-2,1,,1481/GRN/SPR/2016,AVION LOGISTICS,23-Aug-16,BOBBY,POM660_CLAIM,N/A,N/A,,
COP,GAGE,6246-00363,,N/A,,EA,Serviceable,,C3-2,1,,1481/GRN/SPR/2016,AVION LOGISTICS,23-Aug-16,BOBBY,POM1070,N/A,N/A,,
REP,HYDROULIC POWER PACK,HYC5005OVH,,AH-7693,,EA,Serviceable,,G1,1,,1383/GRN/ME/2016,AVION LOGISTICS,23-Aug-16,BOBBY,POM1061,N/A,N/A,,
COP,COVER,533-182,,N/A,,EA,Serviceable,,G3,6,,1383/GRN/ME/2016,AVIALL PTE LTD,23-Aug-16,BOBBY,POM1064,N/A,N/A,,
ROT,NAV/COMM RT385A,46660-1000,,31605,,EA,Serviceable,,E2,1,,1479/GRN/SPR/2016,N/A,22-Aug-16,BOBBY,N/A,N/A,N/A,,
ROT,NAV/COMM RT385A,46660-1000,,32387,,EA,Serviceable,,E2,1,,1479/GRN/SPR/2016,N/A,22-Aug-16,BOBBY,N/A,N/A,N/A,,
ROT,NAV/COMM RT385A,46660-1000,,35670,,EA,Serviceable,,E2,1,,1479/GRN/SPR/2016,N/A,22-Aug-16,BOBBY,N/A,N/A,N/A,,
ROT,VHF NAV/COM RT-385A,46660-1100,,2837,,EA,Serviceable,,E2,1,,1479/GRN/SPR/2016,N/A,22-Aug-16,BOBBY,N/A,N/A,N/A,,
COP,FUSE AGA 32V 3A,036-00058-0003,,N/A,,EA,Serviceable,,C2-1,10,,1478/GRN/SPR/2016,AIRFLITE AUSTRALIA PTY. LTD,19-Aug-16,BOBBY,POM1027,INV/ARI021241,DHL#2060112736,,
REP,INTERCOM,SPA400,,N/A,,EA,Serviceable,,C2,1,,1478/GRN/SPR/2016,AIRFLITE AUSTRALIA PTY. LTD,19-Aug-16,BOBBY,POM1071,INV/ARI021364,DHL#2060112736,,
COP,SPRING PARKING BRAKE,0513154-1,,N/A,,EA,Serviceable,,D2-1,15,,1478/GRN/SPR/2016,AIRFLITE AUSTRALIA PTY. LTD,19-Aug-16,BOBBY,POM1035,INV/ARI020500,DHL#2060112736,,
COP,ATS 90 DEGREE ANGEL DRILL,12-01422,,N/A,,EA,Serviceable,,BOX RIVET ROOL,1,,1477/GRN/SPR/2016,AIRCRAFT SPRUCE,19-Aug-16,BOBBY,POM104,INV/379332,DHL#5575834670,,
COP,ENGINE BAFFLE,27875,,N/A,,EA,Serviceable,,F1,1,,1477/GRN/SPR/2016,AIRCRAFT SPRUCE,19-Aug-16,BOBBY,POM1022,INV/379332,DHL#5575834670,,
COP,ENGINE BAFFLE,34484,,N/A,,EA,Serviceable,,F1,1,,1477/GRN/SPR/2016,AIRCRAFT SPRUCE,19-Aug-16,BOBBY,POM1022,INV/379332,DHL#5575834670,,
COP,ENGINE BAFFLE,34481,,N/A,,EA,Serviceable,,F1,1,,1477/GRN/SPR/2016,AIRCRAFT SPRUCE,19-Aug-16,BOBBY,POM1022,INV/379332,DHL#5575834670,,
COP,ENGINE BAFFLE,34482,,N/A,,EA,Serviceable,,F1,1,,1477/GRN/SPR/2016,AIRCRAFT SPRUCE,19-Aug-16,BOBBY,POM1022,INV/379332,DHL#5575834670,,
COP,ENGINE BAFFLE,34477,,N/A,,EA,Serviceable,,F1,1,,1477/GRN/SPR/2016,AIRCRAFT SPRUCE,19-Aug-16,BOBBY,POM1022,INV/379332,DHL#5575834670,,
COP,ENGINE BAFFLE,34480,,N/A,,EA,Serviceable,,F1,1,,1477/GRN/SPR/2016,AIRCRAFT SPRUCE,19-Aug-16,BOBBY,POM1022,INV/379332,DHL#5575834670,,
COP,ENGINE BAFFLE,34478,,N/A,,EA,Serviceable,,F1,1,,1477/GRN/SPR/2016,AIRCRAFT SPRUCE,19-Aug-16,BOBBY,POM1022,INV/379332,DHL#5575834670,,
COP,ENGINE BAFFLE,34485,,N/A,,EA,Serviceable,,F1,1,,1477/GRN/SPR/2016,AIRCRAFT SPRUCE,19-Aug-16,BOBBY,POM1022,INV/379332,DHL#5575834670,,
COP,ENGINE BAFFLE,34479,,N/A,,EA,Serviceable,,F1,1,,1477/GRN/SPR/2016,AIRCRAFT SPRUCE,19-Aug-16,BOBBY,POM1022,INV/379332,DHL#5575834670,,
COP,ENGINE BAFFLE,27675,,N/A,,EA,Serviceable,,F1,1,,1477/GRN/SPR/2016,AIRCRAFT SPRUCE,19-Aug-16,BOBBY,POM1022,INV/379332,DHL#5575834670,,
COP,RAPCO BRAKE RIVET,10-02065,,N/A,,EA,Serviceable,,BOX RIVET ROOL,4,,1477/GRN/SPR/2016,AIRCRAFT SPRUCE,19-Aug-16,BOBBY,POM104,INV/379332,DHL#5575834670,,
COP,THREADED DRILL BIT,12-04077,,N/A,,EA,Serviceable,,BOX RIVET ROOL,5,,1477/GRN/SPR/2016,AIRCRAFT SPRUCE,19-Aug-16,BOBBY,POM1015,INV/379332,DHL#5575834670,,
COP,THREADED DRILL BIT,12-04089,,N/A,,EA,Serviceable,,BOX RIVET ROOL,2,,1477/GRN/SPR/2016,AIRCRAFT SPRUCE,19-Aug-16,BOBBY,POM1015,INV/379332,DHL#5575834670,,
COP,THREADED DRILL BIT,12-04066,,N/A,,EA,Serviceable,,BOX RIVET ROOL,2,,1477/GRN/SPR/2016,AIRCRAFT SPRUCE,19-Aug-16,BOBBY,POM1015,INV/379332,DHL#5575834670,,
COP,F8C LARGE FUEL/WATER FUNNEL,05-01055,,N/A,,EA,Serviceable,,A1-2,4,,1476/GRN/SPR/2016,AIRCRAFT SPRUCE,19-Aug-16,BOBBY,N/A,INV/819890,DHL#4870113286,,
REP,NEW TEMPEST TORNADO 3000,10-00609,,N/A,,EA,Serviceable,,A2-2,1,,1476/GRN/SPR/2016,AIRCRAFT SPRUCE,19-Aug-16,BOBBY,N/A,INV/819890,DHL#4870113286,,
REP,NEW TEMPEST TORNADO 3000,10-00609,,N/A,,EA,Serviceable,,A2-2,1,,1476/GRN/SPR/2016,AIRCRAFT SPRUCE,19-Aug-16,BOBBY,N/A,INV/819890,DHL#4870113286,,
REP,MUFFLER,9954100-10,,N/A,,EA,Serviceable,,F3,1,,1475/GRN/SPR/2016,CONTAINER,18-Aug-16,BOBBY,N/A,N/A,N/A,,
REP,VOR KI209A,066-3056-11,,N/A,,EA,Serviceable,,C4-2,1,,1474/GRN/SPR/2016,AUSTRALIAN AVIONICS,18-Aug-16,BOBBY,WOM448,INV/114-025877,DHL#1335859464,,
COP,FLAP ROLLER UPGRADE KIT,FLP-KT-3U,,N/A,,EA,Serviceable,,B3-14,1,,1473/GRN/SPR/2016,MC FARLANE,18-Aug-16,BOBBY,POM1063,INV/0259020-IN,DHL#3440171265,,
COP,CLUSTER FUEL,C669562-0109,,731,,EA,Serviceable,,D3-1,1,,1472/GRN/SPR/2016,YINGLING AVIATION,18-Aug-16,BOBBY,POM1072,INV/16-19133,DHL#3440525933,,
COP,PLATE,0515073-3,,N/A,,EA,Serviceable,,D2-10,1,,1472/GRN/SPR/2016,YINGLING AVIATION,18-Aug-16,BOBBY,POM1065,INV/16-19135,DHL#3440525933,,
COP,BOLT,A-2513-38,,N/A,,EA,Serviceable,,FLAMABLE ROOM,6,,1471/GRN/SPR/2016,PT.REKATAMA PUTRA GEGANA,8-Dec-16,BOBBY,N/A,N/A,POS,,
COP,BOLT,A-2513-38,,N/A,,EA,Serviceable,,FLAMABLE ROOM,6,,1471/GRN/SPR/2016,PT.REKATAMA PUTRA GEGANA,8-Dec-16,BOBBY,N/A,N/A,POS,,
COP,DOWEL,A-2973-6,,N/A,,EA,Serviceable,,FLAMABLE ROOM,2,,1471/GRN/SPR/2016,PT.REKATAMA PUTRA GEGANA,8-Dec-16,BOBBY,N/A,N/A,POS,,
COP,DOWEL,A-2973-6,,N/A,,EA,Serviceable,,FLAMABLE ROOM,2,,1471/GRN/SPR/2016,PT.REKATAMA PUTRA GEGANA,8-Dec-16,BOBBY,N/A,N/A,POS,,
ROT,PROPELLER,1C160/DTM7557M1,,81348,,ASSY,Serviceable,,FLAMABLE ROOM,1,,1471/GRN/SPR/2016,PT.REKATAMA PUTRA GEGANA,8-Dec-16,BOBBY,N/A,N/A,POS,,
ROT,PROPELLER,1C160/DTM7557M1,,SK003,,ASSY,Serviceable,,FLAMABLE ROOM,1,,1471/GRN/SPR/2016,PT.REKATAMA PUTRA GEGANA,8-Dec-16,BOBBY,N/A,N/A,POS,,
COP,SPACER,B-3898 (D-4521),,BC114,,EA,Serviceable,,FLAMABLE ROOM,1,,1471/GRN/SPR/2016,PT.REKATAMA PUTRA GEGANA,8-Dec-16,BOBBY,N/A,N/A,POS,,
COP,SPACER,B-3898 (D-4521),,BE123,,EA,Serviceable,,FLAMABLE ROOM,1,,1471/GRN/SPR/2016,PT.REKATAMA PUTRA GEGANA,8-Dec-16,BOBBY,N/A,N/A,POS,,
COP,WASHER,A-1638-11,,N/A,,EA,Serviceable,,FLAMABLE ROOM,6,,1471/GRN/SPR/2016,PT.REKATAMA PUTRA GEGANA,8-Dec-16,BOBBY,N/A,N/A,POS,,
COP,WASHER,A-1638-11,,N/A,,EA,Serviceable,,FLAMABLE ROOM,6,,1471/GRN/SPR/2016,PT.REKATAMA PUTRA GEGANA,8-Dec-16,BOBBY,N/A,N/A,POS,,
COP,LOCKING WIRE,0.32,,N/A,,ROLL,Serviceable,,A2-6,4,,1470/GRN/SPR/2016,LUBRINDO JAYA,8-Dec-16,BOBBY,N/A,N/A,PAHALA,,
COP,MULTI PURPOSE FLUID (AEROSHELL FLUID 3),MIL-PRF-7870,,N/A,,LITER,Serviceable,,WISNU,4,,1470/GRN/SPR/2016,LUBRINDO JAYA,8-Dec-16,BOBBY,N/A,N/A,PAHALA,,
COP,BOLT,AN4-31,,N/A,,EA,Serviceable,,A3-8,10,,1469/GRN/SPR/2016,EPIC AVIATION,8-May-16,BOBBY,N/A,INV/16-014839,DHL#5269125326,,
COP,CLAMP,LW15592-8-28,,N/A,,EA,Serviceable,,D2-5,2,,1469/GRN/SPR/2016,EPIC AVIATION,8-May-16,BOBBY,N/A,INV/16-014839,DHL#5269125326,,
COP,DRAIN VALVE,S2485-1,,N/A,,EA,Serviceable,,A3-20,2,,1469/GRN/SPR/2016,EPIC AVIATION,8-May-16,BOBBY,N/A,INV/16-014839,DHL#5269125326,,
COP,ELBOW,AN823-4D,,N/A,,EA,Serviceable,,D2-11,2,,1469/GRN/SPR/2016,EPIC AVIATION,8-May-16,BOBBY,N/A,INV/16-014839,DHL#5269125326,,
COP,ELBOW PIPE 900,AN914-1D,,N/A,,EA,Serviceable,,D2-11,5,,1469/GRN/SPR/2016,EPIC AVIATION,8-May-16,BOBBY,N/A,INV/16-014839,DHL#5269125326,,
,FITTING,AN822-4D,,N/A,,EA,Serviceable,,D2-11,2,,1469/GRN/SPR/2016,EPIC AVIATION,8-May-16,BOBBY,N/A,INV/16-014839,DHL#5269125326,,
,PACKING,MS28775-012,,N/A,,EA,Serviceable,,A2-8,29,,1469/GRN/SPR/2016,EPIC AVIATION,8-May-16,BOBBY,N/A,INV/16-014839,DHL#5269125326,,
,PACKING,M83248/1-011,,N/A,,EA,Serviceable,,A2-8,10,,1469/GRN/SPR/2016,EPIC AVIATION,8-May-16,BOBBY,N/A,INV/16-014839,DHL#5269125326,,
,STARTER,149-LN,,FN-2916120,,EA,Serviceable,,WISNU,1,,1468/GRN/SPR/2016,YINGLING AVIATION,8-May-16,BOBBY,POM1047,INV/16-17981,DHL#2320220825,,
,STARTER,149-LN,,FN-22916111,,EA,Serviceable,,WISNU,1,,1468/GRN/SPR/2016,YINGLING AVIATION,8-May-16,BOBBY,POM1047,INV/16-17981,DHL#2320220825,,
,CARBURETOR,10-5217RPD,,BL2714582,,EA,Serviceable,,A5-2,1,,1467/GRN/SPR/2016,AVION LOGISTICS,8-May-16,BOBBY,POM659,INV/970011895,DHL#9928035283,,
,ELBOW,MS20823-4D,,N/A,,EA,Serviceable,,D2-11,2,,1467/GRN/SPR/2016,AVION LOGISTICS,8-May-16,BOBBY,POM1058,INV/970011896,DHL#9928035283,,
,ELBOW 90 DEGREE,MS20822-4D,,N/A,,EA,Serviceable,,D2-11,2,,1467/GRN/SPR/2016,AVION LOGISTICS,8-May-16,BOBBY,POM1058,INV/970011896,DHL#9928035283,,
,ELBOW PIPE 900,AN914-1D,,N/A,,EA,Serviceable,,D2-11,5,,1467/GRN/SPR/2016,AVION LOGISTICS,8-May-16,BOBBY,POM1058,INV/970011896,DHL#9928035283,,
,SWITCH PTT,S2870-1,,N/A,,EA,Serviceable,,A2-4,8,,1467/GRN/SPR/2016,AVION LOGISTICS,8-May-16,BOBBY,POM1049,INV/970011894,DHL#9928035283,,
,SENDER,486-483,,44695,,EA,Serviceable,,G2,1,,1383/GRN/ME/2016,AVIALL PTE LTD,8-Feb-16,BOBBY,POM1056,INV/9304162089,DHL#9509995762,,
,SENDER,486-483,,44694,,EA,Serviceable,,G2,1,,1383/GRN/ME/2016,AVIALL PTE LTD,8-Feb-16,BOBBY,POM1056,INV/9304162089,DHL#9509995762,,
,AIRCRAFT ENGINE,O-320-D2J,,L-14758-39E,,EA,Serviceable,,WISNU,1,,1465/GRN/SPR/2016,LYCOMING ENGINE,8-Feb-16,BOBBY,26719,INV/4230337,AWB#297-60577263,,
,AIRCRAFT ENGINE,O-320-D2J,,L-14261-39E,,EA,Serviceable,,WISNU,1,,1465/GRN/SPR/2016,LYCOMING ENGINE,8-Feb-16,BOBBY,26718,INV/4225205,AWB#297-60577263,,
,AIRCRAFT ENGINE,O-320-D2J,,L-17624-39E,,EA,Serviceable,,WISNU,1,,1465/GRN/SPR/2016,LYCOMING ENGINE,8-Feb-16,BOBBY,26720,INV/4219204,AWB#297-60577263,,
,BRAKE  ASSY,30-75A,,N/A,,EA,Serviceable,,A2-1,1,,1464/GRN/SPR/2016,AEROSPACE PRODUCT INTERNATIONAL,30-Jul-16,BOBBY,POM983,INV/0081268177,DHL#5433714063,,
,BRAKE DISC [R],164-02300,,N/A,,EA,Serviceable,,G2,1,,1383/GRN/ME/2016,AEROSPACE PRODUCT INTERNATIONAL,30-Jul-16,BOBBY,POM983,INV/0081268177,DHL#5433714063,,
,CORD HEADSET KIT,18028G01,,N/A,,EA,Serviceable,,C2-2,4,,1464/GRN/SPR/2016,AEROSPACE PRODUCT INTERNATIONAL,30-Jul-16,BOBBY,POM983,INV/0081268177,DHL#5433714063,,
,LAMP ASSY,02-0350433-01,,N/A,,EA,Serviceable,,A2-6,4,,1464/GRN/SPR/2016,AEROSPACE PRODUCT INTERNATIONAL,30-Jul-16,BOBBY,POM983,INV/0081268177,DHL#5433714063,,
,UNDERCUT COMPORT-GEL EAR SEALS,40863G-02,,N/A,,PAIR,Serviceable,,D2-6,10,,1464/GRN/SPR/2016,AEROSPACE PRODUCT INTERNATIONAL,30-Jul-16,BOBBY,POM983,INV/0081268177,DHL#5433714063,,
,DOOR AY,0552173-27,,N/A,,EA,Serviceable,,A4-2,1,,1463/GRN/SPR/2016,EPIC AVIATION,29-Jul-16,BOBBY,POM1046,INV/16-014058,DHL#3360286893,,
,EGT PROBE,86143,,N/A,,EA,Serviceable,,G3,2,,1383/GRN/ME/2016,EPIC AVIATION,29-Jul-16,BOBBY,POM1046,INV/16-014058,DHL#3360286893,,
,"EGT PROBE,SCREW-IN",86245,,N/A,,EA,Serviceable,,G3,2,,1383/GRN/ME/2016,EPIC AVIATION,29-Jul-16,BOBBY,POM1046,INV/16-014058,DHL#3360286893,,
,GASKET TURBO,LW18038,,N/A,,EA,Serviceable,,G3,4,,1383/GRN/ME/2016,EPIC AVIATION,29-Jul-16,BOBBY,POM1046,INV/16-014058,DHL#3360286893,,
,HINGE HALF,1552004-23,,N/A,,EA,Serviceable,,D2-16,2,,1463/GRN/SPR/2016,EPIC AVIATION,29-Jul-16,BOBBY,POM1046,INV/16-014058,DHL#3360286893,,
,HINGE HALF,1552004-22,,N/A,,EA,Serviceable,,D2-16,4,,1463/GRN/SPR/2016,EPIC AVIATION,29-Jul-16,BOBBY,POM1046,INV/16-014058,DHL#3360286893,,
,PIN,1552004-17,,N/A,,EA,Serviceable,,D2-1,4,,1463/GRN/SPR/2016,EPIC AVIATION,29-Jul-16,BOBBY,POM1046,INV/16-014058,DHL#3360286893,,
,RAM AIR COOLING KIT,071-4001-00,,N/A,,EA,Serviceable,,G1,4,,1463/GRN/SPR/2016,EPIC AVIATION,29-Jul-16,BOBBY,POM1046,INV/16-014058,DHL#3360286893,,
,SPRING,1552010-1,,N/A,,EA,Serviceable,,D2-1,10,,1463/GRN/SPR/2016,EPIC AVIATION,29-Jul-16,BOBBY,POM1046,INV/16-014058,DHL#3360286893,,
,DOOR AY,0552173-27,,N/A,,EA,Serviceable,,A4-2,2,,1462/GRN/SPR/2016,YINGLING AVIATION,29-Jul-16,BOBBY,POM1054,INV/16-17080,DHL#6304365616,,
,PIPE EXCHAUST,LW16393,,N/A,,EA,Serviceable,,G1,1,,1383/GRN/ME/2016,MERPATI MAINTENANCE FACILITY,29-Jul-16,BOBBY,N/A,DN/102443,POS,,
,COUPLER,DMH69-1,,2378,,EA,Serviceable,,A4-1,1,,1460/GRN/SPR/2016,AVION LOGISTICS,29-Jul-16,BOBBY,POM1036,INV/970011869,DHL#7763329921,,
,COUPLER,DMH69-1,,2357,,EA,Serviceable,,A4-1,1,,1460/GRN/SPR/2016,AVION LOGISTICS,29-Jul-16,BOBBY,POM1036,INV/970011869,DHL#7763329921,,
,AUDIO CONROL PANEL,066-1055-03,,2306,,EA,Serviceable,,E3,1,,1459/GRN/SPR/2016,AVTEK,29-Jul-16,BOBBY,N/A,DN/AT-1469,DHL#6912061004,,
,GASKET CARBURETOR INLET,LW-13473,,N/A,,EA,Serviceable,,A4-1,10,,1458/GRN/SPR/2016,AVIALL PTE LTD,29-Jul-16,BOBBY,POM987,INV/8003336441,DHL#7763293333,,
,DME KN62A,066-1068-00,,14748,,EA,Unserviceable,,QUARANTINE,1,,1457/GRN/SPR/2016,SOUTHEAST AEROSPACE,21-Jul-16,BOBBY,N/A,INV/205504,DHL#4094488381,,
,TRANSPONDER KT76A,066-1062-00,,34027,,EA,Unserviceable,,QUARANTINE,1,,1457/GRN/SPR/2016,SOUTHEAST AEROSPACE,21-Jul-16,BOBBY,N/A,INV/205504,DHL#4094488381,,
,TRANSPONDER KT76A,066-1062-00,,131320,,EA,Unserviceable,,QUARANTINE,1,,1457/GRN/SPR/2016,SOUTHEAST AEROSPACE,21-Jul-16,BOBBY,N/A,INV/205504,DHL#4094488381,,
,DIRECTIONAL GYRO INDICATOR,1U262-001-13,,A7969E,,EA,Serviceable,,C3-2,1,,1456/GRN/SPR/2016,AUSTRALIAN AVIONICS,21-Jul-16,BOBBY,WOM440,INV/114-025603,DHL#4094488381,,
,BELT ALTERNATOR,37A19773-376,,N/A,,EA,Serviceable,,B4-2,7,,1455/GRN/SPR/2016,AVION LOGISTICS,21-Jul-16,BOBBY,POM1033,INV/143457,DHL#7440863544,,
,CESSNA 172 WINDSHIELD,LP-389-GT,,N/A,,EA,Serviceable,,A1-1,1,,1455/GRN/SPR/2016,AVION LOGISTICS,21-Jul-16,BOBBY,N/A,INV/143457,DHL#7440863544,,
,CYLINDER ASSY,05K21100,,N/A,,EA,Serviceable,,WISNU,1,,1455/GRN/SPR/2016,AVION LOGISTICS,21-Jul-16,BOBBY,POM659,INV/143457,DHL#7440863544,,
,MAGNETO,4371,,16050157,,EA,Serviceable,,A5-2,1,,1455/GRN/SPR/2016,AVION LOGISTICS,21-Jul-16,BOBBY,POM1021,INV/143457,DHL#7440863544,,
,DGI,RCA11A-15,,412D097G,,EA,Serviceable,,C3-2,1,,1454/GRN/SPR/2016,"NAYLOR'S INSTRUMENT SERVICE, INC.",21-Jul-16,BOBBY,N/A,INV/18688,DHL#3200778836,,
,GYRO HORIZON,RCA22-11,,212D076,,EA,Serviceable,,C3-2,1,,1454/GRN/SPR/2016,"NAYLOR'S INSTRUMENT SERVICE, INC.",21-Jul-16,BOBBY,N/A,INV/18688,DHL#3200778836,,
,LPS 3,316,,N/A,,EA,Serviceable,,D1,12,,1453/GRN/SPR/2016,LUBRINDO JAYA,13-Jul-16,BOBBY,POM1032,N/A,PAHALA KENCANA,,
,SEALANT,PR-1422B 1/2,,N/A,,EA,Serviceable,,D1,1,,1453/GRN/SPR/2016,LUBRINDO JAYA,13-Jul-16,BOBBY,POM1032,N/A,PAHALA KENCANA,,
,COOLING KIT,SK402-20B,,N/A,,EA,Serviceable,,G1,4,,1383/GRN/ME/2016,AVIALL PTE LTD,27-Jun-16,BOBBY,POM1025,INV/16-012816,DHL#4911843985,,
,DETECTOR LIFT,148-7,,161726-08,,EA,Serviceable,,G1,1,,1383/GRN/ME/2016,AVIALL PTE LTD,27-Jun-16,BOBBY,POM1030,INV/1002246240,DHL#7394645300,,
,DETECTOR LIFT,148-7,,161726-09,,EA,Serviceable,,G1,1,,1383/GRN/ME/2016,AVIALL PTE LTD,27-Jun-16,BOBBY,POM1030,INV/1002246240,DHL#7394645300,,
,BOLT,AN3-H7A,,N/A,,EA,Serviceable,,G1,20,,1383/GRN/ME/2016,AVION LOGISTICS,13-Jul-16,BOBBY,POM1040,INV.143063,DHL.6187693131,,
,BOLT,NAS6605D46,,N/A,,EA,Serviceable,,A3-5,10,,1451/GRN/SPR/2016,AVION LOGISTICS,13-Jul-16,BOBBY,POM1044,INV.143063,DHL.6187693131,,
,BOLT,691-334,,N/A,,EA,Serviceable,,G1,10,,1383/GRN/ME/2016,AVION LOGISTICS,13-Jul-16,BOBBY,POM1040,INV.143063,DHL.6187693131,,
,CUSTTLE NUT,AN310-5,,N/A,,EA,Serviceable,,A3-3,15,,1451/GRN/SPR/2016,AVION LOGISTICS,13-Jul-16,BOBBY,POM1044,INV.143063,DHL.6187693131,,
,FUEL PUMP 12V,1800-A,,193669,,EA,Serviceable,,G4,1,,1383/GRN/ME/2016,AVION LOGISTICS,13-Jul-16,BOBBY,POM1020,INV.143063,DHL.6187693131,,
,KIT SL988,764-378,,N/A,,EA,Serviceable,,G1,4,,1383/GRN/ME/2016,AVION LOGISTICS,13-Jul-16,BOBBY,POM1040,INV.143063,DHL.6187693131,,
,MAGNETO DUAL,10-682555-16R,,E-06362,,EA,Serviceable,,G4,1,,1383/GRN/ME/2016,AVION LOGISTICS,13-Jul-16,BOBBY,POM1031,INV.143063,DHL.6187693131,,
,SNAP RING,484-723,,N/A,,EA,Serviceable,,G1,10,,1383/GRN/ME/2016,AVION LOGISTICS,13-Jul-16,BOBBY,POM1040,INV.143063,DHL.6187693131,,
,SPRING PARKING BRAKE,0513154-1,,N/A,,EA,Serviceable,,D2-1,5,,1451/GRN/SPR/2016,AVION LOGISTICS,13-Jul-16,BOBBY,POM1036,INV.143063,DHL.6187693131,,
,VALVE AIR HIGH PRESSURE,492-401,,N/A,,EA,Serviceable,,G1,6,,1383/GRN/ME/2016,AVION LOGISTICS,13-Jul-16,BOBBY,POM1040,INV.143063,DHL.6187693131,,
,WASHER,NAS1149F0463P,,N/A,,EA,Serviceable,,A3-6,100,,1451/GRN/SPR/2016,AVION LOGISTICS,13-Jul-16,BOBBY,POM1040,INV.143063,DHL.6187693131,,
,WASHER FLAT,NAS1149F0563P,,N/A,,EA,Serviceable,,A3-6,100,,1451/GRN/SPR/2016,AVION LOGISTICS,13-Jul-16,BOBBY,POM1044,INV.143063,DHL.6187693131,,
,TRUNNION ASSY NOSE GEAR,67054-803,,N/A,,EA,Serviceable,,WISNU,1,,1450/GRN/SPR/2016,AVIALL PTE LTD,13-Jul-16,BOBBY,POM1038,INV.9304054000,DHL.6930648163,,
,CARBURETOR HEAT CONTROL,MCS1230-17,,N/A,,EA,Serviceable,,D4,6,,1449/GRN/SPR/2016,EPIC AVIATION,13-Jul-16,BOBBY,N/A,INV.16-013798,DHL.5337021863,,
,GASKET TURBO,LW18038,,N/A,,EA,Serviceable,,G3,6,,1383/GRN/ME/2016,EPIC AVIATION,13-Jul-16,BOBBY,N/A,INV.16-013798,DHL.5337021863,,
,BEARING AIR BOX,05-04443,,N/A,,EA,Serviceable,,D2-11,2,,1448/GRN/SPR/2016,AVION LOGISTICS,7-Dec-16,BOBBY,POM1033,INV.970011784,DHL.2881444300,,
,BELT ALTERNATOR,37A19773-376,,N/A,,EA,Serviceable,,B4-2,1,,1448/GRN/SPR/2016,AVION LOGISTICS,7-Dec-16,BOBBY,POM1033,INV.970011784,DHL.2881444300,,
,BELT TENSION,OTC6673,,N/A,,EA,Serviceable,,SPECIAL,2,,1448/GRN/SPR/2016,AVION LOGISTICS,7-Dec-16,BOBBY,POM1010,INV.970011787,DHL.2881444300,,
,LAMP,MS25309-7512,,N/A,,EA,Serviceable,,B3-8,10,,1448/GRN/SPR/2016,AVION LOGISTICS,7-Dec-16,BOBBY,POM1033,INV.970011784,DHL.2881444300,,
,MAGNETO DUAL,10-682555-13R,,E-03252,,EA,Serviceable,,G4,1,,1448/GRN/SPR/2016,AVION LOGISTICS,7-Dec-16,BOBBY,POM1031,INV.970011786,DHL.2881444300,,
,MOTOR FLAP,C301002-0104,,N/A,,EA,Serviceable,,A2-2,2,,1448/GRN/SPR/2016,AVION LOGISTICS,7-Dec-16,BOBBY,POM1033,INV.970011784,DHL.2881444300,,
,NIPPLE,MS25171-4S,,N/A,,EA,Serviceable,,D2-3,20,,1448/GRN/SPR/2016,AVION LOGISTICS,7-Dec-16,BOBBY,POM1033,INV.970011784,DHL.2881444300,,
,SHAFT AIR BOX,05-04431,,N/A,,EA,Serviceable,,D2-11,2,,1448/GRN/SPR/2016,AVION LOGISTICS,7-Dec-16,BOBBY,POM1033,INV.970011784,DHL.2881444300,,
,TAPES,PM-T4H,,N/A,,EA,Serviceable,,B2-1,1,,1448/GRN/SPR/2016,AVION LOGISTICS,7-Dec-16,BOBBY,POM1018,INV.970011785,DHL.2881444300,,
,ADF KR-87,006-1072-14,,78185,,EA,Unserviceable,,QUARANTINE,1,,1447/GRN/SPR/2016,SOUTHEAST AEROSPACE,7-Dec-16,BOBBY,WOM437,INV.205594,DHL.6793263680,,
,AUDIO PANEL KMA-26,066-01155-0201,,4824,,EA,Unserviceable,,QUARANTINE,1,,1447/GRN/SPR/2016,SOUTHEAST AEROSPACE,7-Dec-16,BOBBY,WOM437,INV.205594,DHL.6793263680,,
,DME KN-62A,006-1068-01,,26707,,EA,Unserviceable,,QUARANTINE,1,,1447/GRN/SPR/2016,SOUTHEAST AEROSPACE,7-Dec-16,BOBBY,WOM437,INV.205594,DHL.6793263680,,
,DME KN62A,066-1068-00,,11356,,EA,Unserviceable,,QUARANTINE,1,,1446/GRN/SPR/2016,SOUTHEAST AEROSPACE,7-Dec-16,BOBBY,WOM435,INV.205586,DHL.6793209695,,
,TRANSPONDER,066-01156-0101,,2274,,EA,Unserviceable,,QUARANTINE,1,,1446/GRN/SPR/2016,SOUTHEAST AEROSPACE,7-Dec-16,BOBBY,WOM435,INV.205586,DHL.6793209695,,
,TRANSPONDER KT76A,066-1062-00,,81068,,EA,Unserviceable,,QUARANTINE,1,,1446/GRN/SPR/2016,SOUTHEAST AEROSPACE,7-Dec-16,BOBBY,WOM435,INV.205586,DHL.6793209695,,
,TRANSPONDER KT76A,066-1062-00,,62600,,EA,Unserviceable,,QUARANTINE,1,,1446/GRN/SPR/2016,SOUTHEAST AEROSPACE,7-Dec-16,BOBBY,WOM435,INV.205586,DHL.6793209695,,
,TRANSPONDER KT76A,066-1062-00,,25494,,EA,Unserviceable,,QUARANTINE,1,,1446/GRN/SPR/2016,SOUTHEAST AEROSPACE,7-Dec-16,BOBBY,WOM435,INV.205586,DHL.6793209695,,
,LINE ASSY,1700121-127,,N/A,,EA,Serviceable,,B4-1,1,,1445/GRN/SPR/2016,YINGLING AVIATION,7-Dec-16,BOBBY,POM1042,INV.16-15651,DHL.5103165524,,
,STRIP FELT,G881879,,N/A,,EA,Serviceable,,B4-2,60,,1444/GRN/SPR/2016,AEROMIL PACIFIC,7-Dec-16,BOBBY,POM984,INV.142989,DHL.8296759144,,
,VALVE AIR HIGH PRESSURE,492-401,,N/A,,EA,Serviceable,,G1,6,,1383/GRN/ME/2016,AVIALL PTE LTD,12-Jul-16,BOBBY,POM1043,INV.9304070008,DHL.4537962656,,
,WASHER,62833-045,,N/A,,EA,Serviceable,,G3,6,,1383/GRN/ME/2016,AVIALL PTE LTD,12-Jul-16,BOBBY,POM1043,INV.9304070008,DHL.4537962656,,
,BLLCRANK AY,0514030-4,,N/A,,EA,Serviceable,,D5-15,3,,1442/GRN/SPR/2016,AEROMIL PACIFIC,11-Jul-16,BOBBY,POM972,INV.142766,DHL.8089373891,,
,MAIN TYRE,070-314-0,,5288S00042,,EA,Serviceable,,CONTAINER,1,,1442/GRN/SPR/2016,AEROMIL PACIFIC,11-Jul-16,BOBBY,POM999,INV.142766,DHL.8089373891,,
,MAIN TYRE,070-314-0,,5288S00049,,EA,Serviceable,,CONTAINER,1,,1442/GRN/SPR/2016,AEROMIL PACIFIC,11-Jul-16,BOBBY,POM999,INV.142766,DHL.8089373891,,
,MAIN TYRE,070-314-0,,5288S00385,,EA,Serviceable,,CONTAINER,1,,1442/GRN/SPR/2016,AEROMIL PACIFIC,11-Jul-16,BOBBY,POM999,INV.142766,DHL.8089373891,,
,MAIN TYRE,070-314-0,,5288S00047,,EA,Serviceable,,CONTAINER,1,,1442/GRN/SPR/2016,AEROMIL PACIFIC,11-Jul-16,BOBBY,POM999,INV.142766,DHL.8089373891,,
,MAIN TYRE,070-314-0,,5288S00041,,EA,Serviceable,,CONTAINER,1,,1442/GRN/SPR/2016,AEROMIL PACIFIC,11-Jul-16,BOBBY,POM999,INV.142766,DHL.8089373891,,
,ROLL PIN,NAS561P4-12,,N/A,,EA,Serviceable,,D3-10,40,,1442/GRN/SPR/2016,AEROMIL PACIFIC,11-Jul-16,BOBBY,POM972,INV.142766,DHL.8089373891,,
,COVER,0712765-3,,N/A,,EA,Serviceable,,A2,2,,1441/GRN/SPR/2016,AEROSPACE PRODUCT INTERNATIONAL,11-Jul-16,BOBBY,POM1034,INV/0081268177,DHL#5433714063,,
,SHAF TACHOMETER,S2550-10,,N/A,,EA,Serviceable,,B4-2,4,,1441/GRN/SPR/2016,AEROSPACE PRODUCT INTERNATIONAL,11-Jul-16,BOBBY,POM1034,INV/0081268177,DHL#5433714063,,
,AUDIO CONROL PANEL,066-1055-03,,12188,,EA,Serviceable,,E3,1,,1440/GRN/SPR/2016,AEROSPACE PRODUCT INTERNATIONAL,27-Jun-16,BOBBY,POM1028,INV/205619,DHL#2709875162,,
,BOARD AY TERMINAL,0570315-1,,N/A,,EA,Serviceable,,D3-5,1,,1440/GRN/SPR/2016,AEROSPACE PRODUCT INTERNATIONAL,27-Jun-16,BOBBY,POM876,INV/ARI020029,DHL#5268567511,,
,DME KN62A,066-1068-00,,11620,,EA,Serviceable,,E2,1,,1440/GRN/SPR/2016,AEROSPACE PRODUCT INTERNATIONAL,27-Jun-16,BOBBY,POM1028,INV/205619,DHL#2709875162,,
,FUSE,036-0058-03,,N/A,,EA,Serviceable,,C2-1,1,,1440/GRN/SPR/2016,AEROSPACE PRODUCT INTERNATIONAL,27-Jun-16,BOBBY,POM1027,INV/ARI020173,DHL#5268567511,,
,FUSE,036-0057-10,,N/A,,EA,Serviceable,,C2-1,7,,1440/GRN/SPR/2016,AEROSPACE PRODUCT INTERNATIONAL,27-Jun-16,BOBBY,POM1027,INV/ARI020173,DHL#5268567511,,
,TACHOMETER IND,D1-112-5025,,28538,,EA,Serviceable,,C3-1,1,,1440/GRN/SPR/2016,AEROSPACE PRODUCT INTERNATIONAL,27-Jun-16,BOBBY,POM1019,INV/142195,DHL#9982836441,,
,TACHOMETER IND,D1-112-5025,,28539,,EA,Serviceable,,C3-1,1,,1440/GRN/SPR/2016,AEROSPACE PRODUCT INTERNATIONAL,27-Jun-16,BOBBY,POM1019,INV/142195,DHL#9982836441,,
,TRANSPONDER,066-01156-0101,,8800,,EA,Serviceable,,E2,1,,1440/GRN/SPR/2016,AEROSPACE PRODUCT INTERNATIONAL,27-Jun-16,BOBBY,POM1028,INV/205619,DHL#2709875162,,
,AIR FILTER,BA6108,,N/A,,EA,Serviceable,,WISNU,100,,1439/GRN/SPR/2016,AVION LOGISTICS,28-Jun-16,BOBBY,POM1007,INV/970011750,DHL#8124664284,,
,EGT PROBE,86143,,N/A,,EA,Serviceable,,G3,2,,1383/GRN/ME/2016,AVION LOGISTICS,28-Jun-16,BOBBY,POM1018,INV/970011748,DHL#8124664284,,
,LIGHT ASSY,C622001-0102,,N/A,,EA,Serviceable,,A3-17,1,,1439/GRN/SPR/2016,AVION LOGISTICS,28-Jun-16,BOBBY,POM997,INV/970011749,DHL#8124664284,,
,BRAKE LINNING,066-06200,,N/A,,EA,Serviceable,,A3-14,20,,1438/GRN/SPR/2016,AEROMIL PACIFIC,27-Jun-16,BOBBY,POM978,INV/142195,DHL#1426966516,,
,CABLE CONTROL,S1230-17,,N/A,,EA,Serviceable,,D4,2,,1438/GRN/SPR/2016,AEROMIL PACIFIC,27-Jun-16,BOBBY,POM984,INV/142195,DHL#1426966516,,
,FITTING,AA1K9-6-10,,N/A,,EA,Serviceable,,A3-9,4,,1438/GRN/SPR/2016,AEROMIL PACIFIC,27-Jun-16,BOBBY,POM984,INV/142195,DHL#1426966516,,
,FITTING,AA1K1-6-10,,N/A,,EA,Serviceable,,A3-9,4,,1438/GRN/SPR/2016,AEROMIL PACIFIC,27-Jun-16,BOBBY,POM984,INV/142195,DHL#1426966516,,
,ROLL PIN,NAS561P4-12,,N/A,,EA,Serviceable,,D3-10,10,,1438/GRN/SPR/2016,AEROMIL PACIFIC,27-Jun-16,BOBBY,POM972,INV/142195,DHL#1426966516,,
,BEARING,214-00400,,N/A,,EA,Serviceable,,A3-12,2,,1437/GRN/SPR/2016,AEROSPACE PRODUCT INTERNATIONAL,24-Jun-16,BOBBY,POM975,INV/0081264951,DHL#2880569871,,
,BRAKE DISC,30-83A,,N/A,,EA,Serviceable,,G2,1,,1383/GRN/ME/2016,AEROSPACE PRODUCT INTERNATIONAL,24-Jun-16,BOBBY,POM975,INV/0081264951,DHL#2880569871,,
,GREASE RING,153-00300,,N/A,,EA,Serviceable,,B3-12,7,,1437/GRN/SPR/2016,AEROSPACE PRODUCT INTERNATIONAL,24-Jun-16,BOBBY,POM975,INV/0081264951,DHL#2880569871,,
,GREASE RING,153-00800,,N/A,,EA,Serviceable,,B3-12,6,,1437/GRN/SPR/2016,AEROSPACE PRODUCT INTERNATIONAL,24-Jun-16,BOBBY,POM975,INV/0081264951,DHL#2880569871,,
,GREASE SEAL WHEEL,153-01500,,N/A,,EA,Serviceable,,B3-12,3,,1437/GRN/SPR/2016,AEROSPACE PRODUCT INTERNATIONAL,24-Jun-16,BOBBY,POM975,INV/0081264951,DHL#2880569871,,
,GASKET CARBURETOR,77154,,N/A,,EA,Serviceable,,G3,10,,1383/GRN/ME/2016,AVIALL PTE LTD,24-Jun-16,BOBBY,POM987,INV/9303983629,DHL#9671608645,,
,ALIGNMENT WASHER,MS-AW,,N/A,,EA,Serviceable,,D3-10,50,,1435/GRN/SPR/2016,MILSPEC,24-Jun-16,BOBBY,POM1023,INV/41820,DHL#9758065310,,
,C-SPEC CONVERSION KIT CESSNA,MSC172PQ-40P,,N/A,,EA,Serviceable,,D3-10,1,,1435/GRN/SPR/2016,MILSPEC,24-Jun-16,BOBBY,POM1023,INV/41820,DHL#9758065310,,
ROT,LIFE VEST,P01074-101,,11050300015,,EA,Serviceable,,B1,1,,1434/GRN/SPR/2016,PT.REKATAMA PUTRA GEGANA,23-Jun-16,BOBBY,WO,072/BP/RPG/06/2016,PAHALA,,
ROT,LIFE VEST,P01074-101,,11050300010,,EA,Serviceable,,B1,1,,1434/GRN/SPR/2016,PT.REKATAMA PUTRA GEGANA,23-Jun-16,BOBBY,WO,072/BP/RPG/06/2016,PAHALA,,
ROT,LIFE VEST,P01074-101,,11050300016,,EA,Serviceable,,B1,1,,1434/GRN/SPR/2016,PT.REKATAMA PUTRA GEGANA,23-Jun-16,BOBBY,WO,072/BP/RPG/06/2016,PAHALA,,
ROT,LIFE VEST,P0723E105P,,12011480676,,EA,Serviceable,,B1,1,,1434/GRN/SPR/2016,PT.REKATAMA PUTRA GEGANA,23-Jun-16,BOBBY,WO,072/BP/RPG/06/2016,PAHALA,,
ROT,LIFE VEST,P0723E105P,,12031720077,,EA,Serviceable,,B1,1,,1434/GRN/SPR/2016,PT.REKATAMA PUTRA GEGANA,23-Jun-16,BOBBY,WO,072/BP/RPG/06/2016,PAHALA,,
ROT,LIFE VEST,P0723E105P,,12031720080,,EA,Serviceable,,B1,1,,1434/GRN/SPR/2016,PT.REKATAMA PUTRA GEGANA,23-Jun-16,BOBBY,WO,072/BP/RPG/06/2016,PAHALA,,
ROT,LIFE VEST,P0723E105P,,12051890173,,EA,Serviceable,,B1,1,,1434/GRN/SPR/2016,PT.REKATAMA PUTRA GEGANA,23-Jun-16,BOBBY,WO,072/BP/RPG/06/2016,PAHALA,,
ROT,LIFE VEST,P01074-101,,11050300001,,EA,Serviceable,,B1,1,,1434/GRN/SPR/2016,PT.REKATAMA PUTRA GEGANA,23-Jun-16,BOBBY,WO,072/BP/RPG/06/2016,PAHALA,,
ROT,LIFE VEST,P01074-101,,11050300002,,EA,Serviceable,,B1,1,,1434/GRN/SPR/2016,PT.REKATAMA PUTRA GEGANA,23-Jun-16,BOBBY,WO,072/BP/RPG/06/2016,PAHALA,,
ROT,LIFE VEST,P01074-101,,11050300004,,EA,Serviceable,,B1,1,,1434/GRN/SPR/2016,PT.REKATAMA PUTRA GEGANA,23-Jun-16,BOBBY,WO,072/BP/RPG/06/2016,PAHALA,,
ROT,LIFE VEST,P01074-101,,11050300007,,EA,Serviceable,,B1,1,,1434/GRN/SPR/2016,PT.REKATAMA PUTRA GEGANA,23-Jun-16,BOBBY,WO,072/BP/RPG/06/2016,PAHALA,,
ROT,LIFE VEST,P01074-101,,11050300008,,EA,Serviceable,,B1,1,,1434/GRN/SPR/2016,PT.REKATAMA PUTRA GEGANA,23-Jun-16,BOBBY,WO,072/BP/RPG/06/2016,PAHALA,,
COP,BRAKE  ASSY,30-75A,,N/A,,EA,Serviceable,,A2-1,1,,1433/GRN/SPR/2016,AVION LOGISTICS,21-Jun-16,BOBBY,POM1018,INV#970011728,DHL#1548566036,,
COP,CONTORL,S1239-48,,N/A,,EA,Serviceable,,D4,1,,1433/GRN/SPR/2016,AVION LOGISTICS,21-Jun-16,BOBBY,POM1018,INV#970011728,DHL#1548566036,,
COP,HUB,40-113,,N/A,,EA,Serviceable,,B2-2,2,,1433/GRN/SPR/2016,AVION LOGISTICS,21-Jun-16,BOBBY,POM1018,INV#970011728,DHL#1548566036,,
COP,SPRING,082-00900,,N/A,,EA,Serviceable,,G2,2,,1383/GRN/ME/2016,AVION LOGISTICS,21-Jun-16,BOBBY,POM976,INV#970011729,DHL#1548566036,,
COP,SUPPORT COLLAR,2460038-1,,N/A,,EA,Serviceable,,A2-6,2,,1433/GRN/SPR/2016,AVION LOGISTICS,21-Jun-16,BOBBY,POM1018,INV#970011728,DHL#1548566036,,
COP,CONTROL ASSY SEAT,AC5794-24,,N/A,,EA,Serviceable,,G1,2,,1383/GRN/ME/2016,AIRFLITE AUSTRALIA PTY. LTD,17-Jun-16,BOBBY,POM1003,INV/ARIO18958,DHL#1151050526,,
COP,FILTER ELEMENT (FUEL),OS-51288,,N/A,,EA,Serviceable,,B5-1,4,,1431/GRN/SPR/2016,AIRFLITE AUSTRALIA PTY. LTD,17-Jun-16,BOBBY,POM953,INV/ARIO18958,DHL#1151050526,,
COP,HOSE,SCEET10,,N/A,,EA,Serviceable,,B5-2,22,,1431/GRN/SPR/2016,AIRFLITE AUSTRALIA PTY. LTD,17-Jun-16,BOBBY,POM982,INV/ARIO18958,DHL#1151050526,,
COP,KIT SHOCK MOUNT,J23502-1,,N/A,,KIT,Serviceable,,A4-1,4,,1431/GRN/SPR/2016,AIRFLITE AUSTRALIA PTY. LTD,17-Jun-16,BOBBY,POM1006,INV/ARIO18958,DHL#1151050526,,
COP,LOCK,MM20-1088,,N/A,,EA,Serviceable,,D1,1,,1431/GRN/SPR/2016,AIRFLITE AUSTRALIA PTY. LTD,17-Jun-16,BOBBY,POM1003,INV/ARIO18958,DHL#1151050526,,
COP,POST INSTRUMENT LIGHT HD ASSY,A354-CL-BK,,N/A,,EA,Serviceable,,B3-9,20,,1431/GRN/SPR/2016,AIRFLITE AUSTRALIA PTY. LTD,17-Jun-16,BOBBY,POM1009,INV/ARIO18958,DHL#1151050526,,
COP,ADROX,ADROX6025,,N/A,,LTR,Serviceable,,FLAMABLE ROOM,25,,1430/GRN/SPR/2016,PRATAMA MANDIRI,17-Jun-16,BOBBY,N/A,N/A,N/A,,
REP,FIREX,FE-10H,,N/A,,EA,Serviceable,,WISNU,1,,1430/GRN/SPR/2016,PRATAMA MANDIRI,17-Jun-16,BOBBY,N/A,N/A,N/A,,
REP,FIREX,FE-10P,,N/A,,EA,Serviceable,,WISNU,1,,1430/GRN/SPR/2016,PRATAMA MANDIRI,17-Jun-16,BOBBY,N/A,N/A,N/A,,
,FIREX,ABC POWDER,,N/A,,EA,Serviceable,,WISNU,1,,1430/GRN/SPR/2016,PRATAMA MANDIRI,17-Jun-16,BOBBY,N/A,N/A,N/A,,
,MAJUN,MAJUN,,N/A,,KG,Serviceable,,CONTAINER,50,,1430/GRN/SPR/2016,PRATAMA MANDIRI,17-Jun-16,BOBBY,N/A,N/A,PAHALA KENCANA,,
,GASKET EXHAUST,77611,,N/A,,EA,Serviceable,,A4-1,10,,1427/GRN/SPR/2016,AVIALL PTE LTD,14-Jun-16,BOBBY,POM987,INV/9303943204,DHL#5544242864,,
,NUT,STD1410,,N/A,,EA,Serviceable,,A3-3,10,,1427/GRN/SPR/2016,AVIALL PTE LTD,14-Jun-16,BOBBY,POM987,INV/9303943204,DHL#5544242864,,
,SCREW,STD1925,,N/A,,EA,Serviceable,,D3-1,10,,1427/GRN/SPR/2016,AVIALL PTE LTD,14-Jun-16,BOBBY,POM987,INV/9303943204,DHL#5544242864,,
,WASHER,STD475,,N/A,,EA,Serviceable,,A3-6,10,,1427/GRN/SPR/2016,AVIALL PTE LTD,14-Jun-16,BOBBY,POM987,INV/9303943204,DHL#5544242864,,
,FUEL GAUGE,C172/26.5,,N/A,,EA,Serviceable,,D3-4,10,,1426/GRN/SPR/2016,YINGLING AVIATION,10-Jun-16,BOBBY,POM1016,INV/16-13264,DHL#6724194606,,
,CABLE TENSION METER,ACM.200,,22564,,EA,Serviceable,,SPECIAL,1,,1425/GRN/SPR/2016,PT.GAYA DINAMIKA ANGKASA,8-Jun-16,BOBBY,WO,INV/GDA.PB.16.257,DHL#4798027500,,
,CABLE TESTER,MODEL E5,,N/A,,EA,Serviceable,,SPECIAL,1,,1425/GRN/SPR/2016,PT.GAYA DINAMIKA ANGKASA,8-Jun-16,BOBBY,WO,INV/GDA.PB.16.257,DHL#4798027500,,
,PROPELLER,1C160/DTM7557M1,,VF44009,,ASSY,Serviceable,,FLAMABLE ROOM,1,,1424/GRN/SPR/2016,PT.REKATAMA PUTRA GEGANA,7-Jun-16,BOBBY,WO,INV/067/BPP/RPG/06/2016,POS LOGISTICS,,
,M800-28V CLOCK W/BATT,800-28V-BAT,,D29425,,EA,Serviceable,,C2-2,1,,1419/GRN/SPR/2016,AVION LOGISTICS,3-Jun-16,BOBBY,POM1010,INV/970011650,DHL#1591611092,,
,M800-28V CLOCK W/BATT,800-28V-BAT,,D29424,,EA,Serviceable,,C2-2,1,,1419/GRN/SPR/2016,AVION LOGISTICS,3-Jun-16,BOBBY,POM1010,INV/970011650,DHL#1591611092,,
,WHELLEN LED LANDING LIGHT 14V(S/C),01-0771833-10,,N/A,,EA,Serviceable,,G2,1,,1383/GRN/ME/2016,AIRCRAFT SPRUCE,2-Sep-16,BOBBY,POM 989/991,INV/732000,DHL#6639780626,,
,WHELLEN LED LANDING LIGHT 28V(S/C),01-0771833-20,,N/A,,EA,Serviceable,,G2,2,,1383/GRN/ME/2016,AIRCRAFT SPRUCE,2-Sep-16,BOBBY,POM 989/991,INV/732000,DHL#6639780626,,
,WHELLEN LED TAXI LIGHT 14V(S/C),01-0771833-15,,N/A,,EA,Serviceable,,G2,1,,1383/GRN/ME/2016,AIRCRAFT SPRUCE,2-Sep-16,BOBBY,POM 989/991,INV/732000,DHL#6639780626,,
,WHELLEN LED TAXI LIGHT 14V(S/C),01-0771833-25,,N/A,,EA,Serviceable,,G2,1,,1383/GRN/ME/2016,AIRCRAFT SPRUCE,2-Sep-16,BOBBY,POM 989/991,INV/732000,DHL#6639780626,,
,GNS430,011-00280-10,,97124426,,EA,Serviceable,,G2,1,,1383/GRN/ME/2016,AVTEK,1-Sep-16,BOBBY,N/A,DN/AT-1399,DHL#36311443723,,
,"NUT,SELF LOCKING",MS21044N5,,N/A,,EA,Serviceable,,A3-3,100,,1394/GRN/SPR/2016,AVION LOGISTICS,1-Sep-16,BOBBY,POM976,INV/970011507,DHL#3505317900,,
,STARTER,MZ-4222R,,H-7040453,,EA,Serviceable,,G5,1,,1383/GRN/ME/2016,AVION LOGISTICS,1-Sep-16,BOBBY,POM970,INV/970011507,DHL#3505317900,,
,MAGNETO DUAL,10-682555-13R,,E-02366,,EA,Serviceable,,G4,1,,1383/GRN/ME/2016,AVION LOGISTICS,1-Sep-16,BOBBY,POM957,INV/970011485,DHL#6397648504,,
,MAGNETO DUAL,10-682555-16R,,E-03255,,EA,Serviceable,,G4,1,,1383/GRN/ME/2016,AVION LOGISTICS,1-Sep-16,BOBBY,POM957,INV/970011485,DHL#6397648504,,
,MAGNETO DUAL,10-682555-16R,,E-03254,,EA,Serviceable,,G4,1,,1383/GRN/ME/2016,AVION LOGISTICS,1-Sep-16,BOBBY,POM957,INV/970011485,DHL#6397648504,,
,STARTER,149-NL,,FN-061552,,EA,Serviceable,,G5,1,,1383/GRN/ME/2016,AVIALL PTE LTD,2-Sep-16,BOBBY,POM679,INV8002168132,N/A,,
,STARTER,149-NL,,FN-061554,,EA,Serviceable,,G5,1,,1383/GRN/ME/2016,AVIALL PTE LTD,2-Sep-16,BOBBY,POM679,INV8002168132,N/A,,
,,,,,,,,,,,,,,,,,,,,
,,,,,,,,,,,,,,,,,,,,
,,,,,,,,,,,,,,,,,,,,
,,,,,,,,,,,,,,,,,,,,
,,,,,,,,,,,,,,,,,,,,
,,,,,,,,,,,,,,,,,,,,
,,,,,,,,,,,,,,,,,,,,
,,,,,,,,,,,,,,,,,,,,
,,,,,,,,,,,,,,,,,,,,
,,,,,,,,,,,,,,,,,,,,
,,,,,,,,,,,,,,,,,,,,
,,,,,,,,,,,,,,,,,,,,
,,,,,,,,,,,,,,,,,,,,
,,,,,,,,,,,,,,,,,,,,
 ,,,,,,,,,,,,,,,,,,,,
