GROUP;DESCRIPTION;P/N;ALT P/N;S/N;MIN QTY;UNIT;CONDITION;WAREHOUSE;STORES;QTY;EXPIRED DATE;GRN NO;VENDOR;RECEIVED DATE;RECEIVED BY;ORDER NUMBER;REFERENCE NUMBER;AWB NUMBER;REMARK;UNIT VALUE
Consumable Part;BOLT;AN8-23A;;;;EA;S/S;WISNU;D2-12;20;;1577/GRN/SPR/2016;AVION LOGISTICS;2016-12-13;BOBBY;POM1141;INV/970012382;DHL#2247599200;;
Repairable Part;DME KN62A;066-1068-00;;14734;;EA;S/S;WISNU;E2;1;;1576/GRN/SPR/2016;HAWKER PACIFIC PTY LTD;2016-12-13;BOBBY;WOM469;INV/114-027061;DHL#7889261564;;
Repairable Part;KN62A DME;066-1068-01;;18461;;EA;S/S;WISNU;E2;1;;1576/GRN/SPR/2016;HAWKER PACIFIC PTY LTD;2016-12-13;BOBBY;WOM469;INV/114-027061;DHL#7889261564;;
Repairable Part;KN62A DME;066-1068-01;;26085;;EA;S/S;WISNU;E2;1;;1576/GRN/SPR/2016;HAWKER PACIFIC PTY LTD;2016-12-13;BOBBY;WOM469;INV/114-027061;DHL#7889261564;;
Repairable Part;TRANSPONDER;066-01156-0101;;4634;;EA;S/S;WISNU;E2;1;;1576/GRN/SPR/2016;HAWKER PACIFIC PTY LTD;2016-12-13;BOBBY;WOM469;INV/114-027061;DHL#7889261564;;
Consumable Part;RIVET BRAKE LINNING;06-02908;;;;EA;S/S;WISNU;A3-14;200;;1575/GRN/SPR/2016;AIRCRAFT SPRUCE;2016-12-13;BOBBY;POM1049;INV/582944;;;
Repairable Part;CYLINDER HYDRAULIC NOSE;455-987;;3479;;EA;S/S;WISNU;G1;1;;1383/GRN/ME/2016;AVIALL PTE LTD;2016-12-13;BOBBY;POM1133;INV/9304751654;DHL#9530471392;;
Consumable Part;Repairable PartAIR KIT SEAL O,RING;199-538A;;;;EA;S/S;WISNU;G2;4;;1383/GRN/ME/2016;AVIALL PTE LTD;2016-12-13;BOBBY;POM1133;INV/9304751654;DHL#9530471392;;
Consumable Part;VALVE;492-303;;;;EA;S/S;WISNU;G3;1;;1383/GRN/ME/2016;AVIALL PTE LTD;2016-12-13;BOBBY;POM1133;INV/9304751654;DHL#9530471392;;
Consumable Part;CABIN DOOR HINGE PIN;0711001-59;;;;EA;S/S;WISNU;D2-16;2;;1573/GRN/SPR/2016;YINGLING AVIATION;2016-12-13;BOBBY;POM1145;INV/16-28315;DHL#4174648822;;
Consumable Part;CLAMP;AN73TW66;;;;EA;S/S;WISNU;D2-5;10;;1573/GRN/SPR/2016;YINGLING AVIATION;2016-12-13;BOBBY;POM1145;INV/16-28315;DHL#4174648822;;
Consumable Part;HINGE;0511237-2;;;;EA;S/S;WISNU;D2-16;2;;1573/GRN/SPR/2016;YINGLING AVIATION;2016-12-13;BOBBY;POM1145;INV/16-28315;DHL#4174648822;;
Consumable Part;HINGE AY;0511238-2;;;;EA;S/S;WISNU;D2-16;2;;1573/GRN/SPR/2016;YINGLING AVIATION;2016-12-13;BOBBY;POM1145;INV/16-28315;DHL#4174648822;;
Repairable Part;SHROUD CARB HEAT;0554006-1;;;;EA;S/S;WISNU;A4-1;1;;1573/GRN/SPR/2016;YINGLING AVIATION;2016-12-13;BOBBY;POM1145;INV/16-28315;DHL#4174648822;;
Consumable Part;BOLT;AN4H13A;;;;EA;S/S;WISNU;A3-5;10;;1572/GRN/SPR/2016;AIRFLITE AUSTRALIA PTY. LTD;2016-12-13;BOBBY;POM1140;INV/ARI023935;DHL#9946837924;;
Consumable Part;NUT;MS20365-720C;;;;EA;S/S;WISNU;A3-1;100;;1572/GRN/SPR/2016;AIRFLITE AUSTRALIA PTY. LTD;2016-12-13;BOBBY;POM1140;INV/ARI23935;DHL#9946837924;;
Consumable Part;SWITCH PTT;S2870-1;;;;EA;S/S;WISNU;A2-4;2;;1572/GRN/SPR/2016;AIRFLITE AUSTRALIA PTY. LTD;2016-12-13;BOBBY;POM1140;INV/ARI023819;DHL#9946837924;;
Consumable Part;VALVE;492-303;;;;EA;S/S;WISNU;G3;1;;1383/GRN/ME/2016;AVIALL PTE LTD;2016-12-03;BOBBY;POM1133;8003840216;9530471392;;
Consumable Part;OIL COOLER;8406R/20002A;;5050;;EA;S/S;WISNU;A5-2;1;;1570/GRN/SPR/2016;AUSTRALIAN AVIONICS;2016-12-02;BOBBY;WOM470;114-026912;1002422256;;
Consumable Part;CARBURETOR HEAT Repairable PartAIR KIT;CCH-KT-2;;;;KIT;S/S;WISNU;D4;4;;1569/GRN/SPR/2016;;2016-12-02;BOBBY;POM1125;0266194-IN;4333098475;;
Repairable Part;A/H;102-0071-03;;212C041;;EA;S/S;WISNU;C3-2;1;;1568/GRN/SPR/2016;;2016-12-02;BOBBY;WOM405 (WARRANTY);18990;3090167640;;
Repairable Part;DGI;RCA11A-15;;412D099G;;EA;S/S;WISNU;C3-2;1;;1568/GRN/SPR/2016;;2016-12-02;BOBBY;WOM405 (WARRANTY);18990;3090167640;;
Repairable Part;HYDRAULIC PUM;636294;;21371JY;;EA;S/S;WISNU;G2;1;;1383/GRN/ME/2016;;2016-12-02;BOBBY;POM1132;16-017214;1111370234;;
Consumable Part;NUT;MS21042-5;;;;EA;S/S;WISNU;A3-3;26;;1567/GRN/SPR/2016;;2016-12-02;BOBBY;POM1134;16-017214;1111370234;;
Consumable Part;EARPHONE;10376G-20;;;;EA;S/S;WISNU;C2-1;2;;1566/GRN/SPR/2016;AVIALL PTE LTD;2016-11-29;BOBBY;POM1142;INV/9304737744;DHL#5953343561;;
Consumable Part;RETAINING RING;00009M03;;;;PACK;S/S;WISNU;C2-6;20;;1566/GRN/SPR/2016;AVIALL PTE LTD;2016-11-29;BOBBY;POM1142;INV/9304737744;DHL#5953343561;;
Consumable Part;IGNITION SWTICH;C292501-0109;;;;EA;S/S;WISNU;A2-4;2;;1565/GRN/SPR/2016;AVION LOGISTICS;2016-11-29;BOBBY;POM1134;INV/970012356;DHL#3318462825;;
Consumable Part;NUT;MS21042-5;;;;EA;S/S;WISNU;A3-3;25;;1565/GRN/SPR/2016;AVION LOGISTICS;2016-11-29;BOBBY;POM1134;INV/970012356;DHL#3318462825;;
Consumable Part;ROD;86262-008;;;;EA;S/S;WISNU;G2;2;;1383/GRN/ME/2016;AVION LOGISTICS;2016-11-29;BOBBY;POM1135;INV/970012357;DHL#3318462825;;
Consumable Part;ROD END ASSY;89307-000;;;;EA;S/S;WISNU;G3;4;;1383/GRN/ME/2016;AVION LOGISTICS;2016-11-29;BOBBY;POM1135;INV/970012357;DHL#3318462825;;
Repairable Part;LIFE VEST;P0723E105P;;9111130009;;EA;S/S;WISNU;B1-1;1;;1564/GRN/SPR/2016;;2016-11-26;BOBBY;;;;;
Repairable Part;LIFE VEST;102MK3;;18839-11/086;;EA;S/S;WISNU;B1-1;1;;1564/GRN/SPR/2016;;2016-11-26;BOBBY;;;;;
Repairable Part;FIREX;FE-10P;;;;EA;S/S;WISNU;F4;1;;1563/GRN/SPR/2016;;2016-11-25;BOBBY;;;;;
Consumable Part;BOLT;AN175-22A;;;;EA;S/S;WISNU;G1;20;;1383/GRN/ME/2016;AVIALL PTE LTD;2016-11-25;BOBBY;POM1133;INV/9304698602;DHL#9483441671;;
Consumable Part;VALVE;492-303;;;;EA;S/S;WISNU;G3;1;;1383/GRN/ME/2016;AVIALL PTE LTD;2016-11-25;BOBBY;POM1133;INV/9304698602;DHL#9483441671;;
Consumable Part;WASHER;NAS1149F0532P;;;;EA;S/S;WISNU;G3;200;;1562/GRN/SPR/2016;AVIALL PTE LTD;2016-11-25;BOBBY;POM1133;INV/9304698602;DHL#9483441671;;
Consumable Part;ROD ASSY;62764-800;;;;EA;S/S;WISNU;G1;2;;1383/GRN/ME/2016;AVIALL PTE LTD;2016-11-25;BOBBY;POM1129;INV/9304733812;DHL#1867146245;;
Consumable Part;VOLTAGE REGULATOR;R25-400;;T05281;;EA;S/S;WISNU;E4;1;;1560/GRN/SPR/2016;;2016-11-22;BOBBY;;;;;
Repairable Part;AIR BOX;0552164-4;;;;EA;S/S;WISNU;D1;1;;1559/GRN/SPR/2016;;2016-11-22;BOBBY;;;;;
Consumable Part;CESSNA BAFFLE SET;C172P-BRK343150;;;;EA;S/S;WISNU;H1-4;6;;1559/GRN/SPR/2016;;2016-11-22;BOBBY;;;;;
Repairable Part;A/H INDICATOR;102-007-03;;210B044;;EA;U/S;WISNU;C3-2;1;;1558/GRN/SPR/2016;;2016-11-22;BOBBY;;;;;
Rotable Part;ALTERNATOR;DOFF10300BR;;H-M061890;;EA;S/S;WISNU;D4;1;;1558/GRN/SPR/2016;;2016-11-22;BOBBY;;;;;
Repairable Part;INTERCOM;SPA-400;;66644;;EA;S/S;WISNU;C3-1;1;;1558/GRN/SPR/2016;;2016-11-22;BOBBY;;;;;
Repairable Part;INTERCOM;SPA-400;;6048393;;EA;S/S;WISNU;C3-1;1;;1558/GRN/SPR/2016;;2016-11-22;BOBBY;;;;;
Repairable Part;INTERCOM;SPA-400;;6068105;;EA;S/S;WISNU;C3-1;1;;1558/GRN/SPR/2016;;2016-11-22;BOBBY;;;;;
Repairable Part;INTERCOM;SPA-400;;66908;;EA;S/S;WISNU;C3-1;1;;1558/GRN/SPR/2016;;2016-11-22;BOBBY;;;;;
Consumable Part;BOLT;AN7-45A;;;;EA;S/S;WISNU;A3-13;10;;1557/GRN/SPR/2016;AVION LOGISTICS;2016-11-18;BOBBY;POM1116;INV/970012294;DHL#5067771306;;
Consumable Part;CABLE;11-05651 FT;;;;FEET;S/S;WISNU;H4-2;100;;1557/GRN/SPR/2016;AVION LOGISTICS;2016-11-18;BOBBY;POM1109;INV/970012293;DHL#5067771306;;
Consumable Part;CIRCUIT BREAKER;11-08398;;;;EA;S/S;WISNU;A2-4;3;;1557/GRN/SPR/2016;AVION LOGISTICS;2016-11-18;BOBBY;POM1131;INV/970012292;DHL#5067771306;;
Consumable Part;MOUNT HYDROULIC;96902-000;;;;EA;S/S;WISNU;G2;1;;1383/GRN/ME/2016;HAWKER PACIFIC PTY LTD;2016-11-18;BOBBY;POM1131;INV/149831;DHL#2804506751;;
Consumable Part;ADROX;6025;;;;PAIL;S/S;WISNU;FLAMABLE ROOM;1;;1555/GRN/SPR/2016;LUBRINDO JAYA;2016-11-18;BOBBY;POM1127;DN/16-11-1096;;;
Consumable Part;GREASE 22;MIL-PRF-81322;;;;CAN;S/S;WISNU;FLAMABLE ROOM;2;;1555/GRN/SPR/2016;LUBRINDO JAYA;2016-11-18;BOBBY;POM1127;DN/16-11-1096;;;
Consumable Part;HYDRAULIC FLUID;MIL-PRF-5606;;;;LITER;S/S;WISNU;FLAMABLE ROOM;6;;1555/GRN/SPR/2016;LUBRINDO JAYA;2016-11-18;BOBBY;POM1127;DN/16-11-1096;;;
Consumable Part;OIL ENGINE;ASW100;;;;LTR;S/S;WISNU;FLAMABLE ROOM;37.8;;1555/GRN/SPR/2016;LUBRINDO JAYA;2016-11-18;BOBBY;POM1127;DN/16-11-1096;;;
Consumable Part;PRC SEALENT (120Z);PR1422B1/2;;;;SET;S/S;WISNU;D1;1;;1555/GRN/SPR/2016;LUBRINDO JAYA;2016-11-18;BOBBY;POM1127;DN/16-11-1096;;;
Consumable Part;BOARD AY TERMINAL;0570315-1;;;;EA;S/S;WISNU;D3-5;2;;1554/GRN/SPR/2016;YINGLING AVIATION;2016-11-18;BOBBY;POM1130;INV16-26982;DHL#2905502714;;
Consumable Part;COVER;0570316-1;;;;EA;S/S;WISNU;A3-20;2;;1554/GRN/SPR/2016;YINGLING AVIATION;2016-11-18;BOBBY;POM1130;INV16-26982;DHL#2905502714;;
Consumable Part;LINE ASSY BRAKE;0500118-127;;;;EA;S/S;WISNU;B4-1;2;;1554/GRN/SPR/2016;YINGLING AVIATION;2016-11-18;BOBBY;POM1130;INV16-26982;DHL#2905502714;;
Consumable Part;LINK;0511336-1;;;;EA;S/S;WISNU;D3-4;2;;1554/GRN/SPR/2016;YINGLING AVIATION;2016-11-18;BOBBY;POM1130;INV16-26982;DHL#2905502714;;
Consumable Part;NUT;AN315-4R;;;;EA;S/S;WISNU;A3-3;100;;1554/GRN/SPR/2016;YINGLING AVIATION;2016-11-18;BOBBY;POM1130;INV16-26982;DHL#2905502714;;
Repairable Part;KN62A DME;066-1068-01;;17285;;EA;S/S;WISNU;E2;1;;1553/GRN/SPR/2016;AUSTRALIAN AVIONICS;2016-11-15;BOBBY;WOM465;INV/114-026614;DHL#4328946101;;
Repairable Part;TRANSPONDER;066-01156-0101;;5907;;EA;S/S;WISNU;E2;1;;1553/GRN/SPR/2016;AUSTRALIAN AVIONICS;2016-11-15;BOBBY;WOM464;INV/114-026614;DHL#4328946101;;
Consumable Part;CLAMP;A0750161-25;;;;KITS;S/S;WISNU;A5-1;4;;1552/GRN/SPR/2016;EPIC AVIATION;2016-11-12;BOBBY;POM1101;INV/16-017012;DHL#1103047385;;
Consumable Part;CESSNA CONVERTION KIT;MSC172-40PFW;;;;EA;S/S;WISNU;D3-10;2;;1551/GRN/SPR/2016;MILSPEC;2016-11-11;BOBBY;POM1098;INV/42530;DHL#9758065295;;
Consumable Part;CONVERSION KIT;MSC172-40PSD;;;;KIT;S/S;WISNU;D3-10;2;;1551/GRN/SPR/2016;MILSPEC;2016-11-11;BOBBY;POM1098;INV/42530;DHL#9758065295;;
Repairable Part;GNS430;011-00280-10;;97124426;;EA;S/S;WISNU;G2;1;;1383/GRN/ME/2016;AVTEK;2016-11-10;BOBBY;WARRANTY CLAIM;DT-1518;DHL#6107391710;;
Repairable Part;HINGE AY;0511238-2;;;;EA;S/S;WISNU;D3-11;1;;1549/GRN/SPR/2016;YINGLING AVIATION;2016-11-09;BOBBY;POM1123;INV16-26176;DHL#8600553345;;
Consumable Part;SPARK PLUG;REM40E;;;;EA;S/S;WISNU;B2-3;60;;1548/GRN/SPR/2016;AEROSPACE PRODUCT INTERNATIONAL;2016-11-09;BOBBY;POM1060;INV/0081278605;DHL#2160027030;;
Consumable Part;PRESS SWITCH;587-847;;R024040;;EA;S/S;WISNU;G2;1;;1383/GRN/ME/2016;AVIALL PTE LTD;2016-11-08;BOBBY;POM1115;INV/9304629918;DHL#1436878402;;
Consumable Part;PRESS SWITCH;587-847;;R024030;;EA;S/S;WISNU;G2;1;;1383/GRN/ME/2016;AVIALL PTE LTD;2016-11-08;BOBBY;POM1115;INV/9304629918;DHL#1436878402;;
Consumable Part;MAIN TYRE;606C66-8;;50862439;;EA;S/S;WISNU;CONTAINER;1;;1546/GRN/SPR/2016;AVIALL PTE LTD;2016-11-08;BOBBY;POM1121;INV/9304640178;PT.LINTAS DEWATA CARGO;;
Consumable Part;MAIN TYRE;606C66-8;;51802164;;EA;S/S;WISNU;CONTAINER;1;;1546/GRN/SPR/2016;AVIALL PTE LTD;2016-11-08;BOBBY;POM1121;INV/9304640178;PT.LINTAS DEWATA CARGO;;
Consumable Part;MAIN TYRE;606C66-8;;51792169;;EA;S/S;WISNU;CONTAINER;1;;1546/GRN/SPR/2016;AVIALL PTE LTD;2016-11-08;BOBBY;POM1121;INV/9304640178;PT.LINTAS DEWATA CARGO;;
Consumable Part;MAIN TYRE;606C66-8;;51792159;;EA;S/S;WISNU;CONTAINER;1;;1546/GRN/SPR/2016;AVIALL PTE LTD;2016-11-08;BOBBY;POM1121;INV/9304640178;PT.LINTAS DEWATA CARGO;;
Consumable Part;MAIN TYRE;606C66-8;;51792119;;EA;S/S;WISNU;CONTAINER;1;;1546/GRN/SPR/2016;AVIALL PTE LTD;2016-11-08;BOBBY;POM1121;INV/9304640178;PT.LINTAS DEWATA CARGO;;
Consumable Part;MAIN TYRE;606C66-8;;51792114;;EA;S/S;WISNU;CONTAINER;1;;1546/GRN/SPR/2016;AVIALL PTE LTD;2016-11-08;BOBBY;POM1121;INV/9304640178;PT.LINTAS DEWATA CARGO;;
Consumable Part;MAIN TYRE;606C66-8;;51782118;;EA;S/S;WISNU;CONTAINER;1;;1546/GRN/SPR/2016;AVIALL PTE LTD;2016-11-08;BOBBY;POM1121;INV/9304640178;PT.LINTAS DEWATA CARGO;;
Consumable Part;MAIN TYRE;606C66-8;;51782117;;EA;S/S;WISNU;CONTAINER;1;;1546/GRN/SPR/2016;AVIALL PTE LTD;2016-11-08;BOBBY;POM1121;INV/9304640178;PT.LINTAS DEWATA CARGO;;
Consumable Part;MAIN TYRE;606C66-8;;50862451;;EA;S/S;WISNU;CONTAINER;1;;1546/GRN/SPR/2016;AVIALL PTE LTD;2016-11-08;BOBBY;POM1121;INV/9304640178;PT.LINTAS DEWATA CARGO;;
Consumable Part;MAIN TYRE;606C66-8;;50862438;;EA;S/S;WISNU;CONTAINER;1;;1546/GRN/SPR/2016;AVIALL PTE LTD;2016-11-08;BOBBY;POM1121;INV/9304640178;PT.LINTAS DEWATA CARGO;;
Consumable Part;MAIN TYRE;606C66-8;;50862437;;EA;S/S;WISNU;CONTAINER;1;;1546/GRN/SPR/2016;AVIALL PTE LTD;2016-11-08;BOBBY;POM1121;INV/9304640178;PT.LINTAS DEWATA CARGO;;
Consumable Part;MAIN TYRE;606C66-8;;50862434;;EA;S/S;WISNU;CONTAINER;1;;1546/GRN/SPR/2016;AVIALL PTE LTD;2016-11-08;BOBBY;POM1121;INV/9304640178;PT.LINTAS DEWATA CARGO;;
Consumable Part;MAIN TYRE;606C66-8;;50862431;;EA;S/S;WISNU;CONTAINER;1;;1546/GRN/SPR/2016;AVIALL PTE LTD;2016-11-08;BOBBY;POM1121;INV/9304640178;PT.LINTAS DEWATA CARGO;;
Consumable Part;MAIN TYRE;606C66-8;;50862429;;EA;S/S;WISNU;CONTAINER;1;;1546/GRN/SPR/2016;AVIALL PTE LTD;2016-11-08;BOBBY;POM1121;INV/9304640178;PT.LINTAS DEWATA CARGO;;
Consumable Part;MAIN TYRE;606C66-8;;50862422;;EA;S/S;WISNU;CONTAINER;1;;1546/GRN/SPR/2016;AVIALL PTE LTD;2016-11-08;BOBBY;POM1121;INV/9304640178;PT.LINTAS DEWATA CARGO;;
Consumable Part;MAIN TYRE;606C66-8;;50862420;;EA;S/S;WISNU;CONTAINER;1;;1546/GRN/SPR/2016;AVIALL PTE LTD;2016-11-08;BOBBY;POM1121;INV/9304640178;PT.LINTAS DEWATA CARGO;;
Consumable Part;MAIN TYRE;606C66-8;;50862410;;EA;S/S;WISNU;CONTAINER;1;;1546/GRN/SPR/2016;AVIALL PTE LTD;2016-11-08;BOBBY;POM1121;INV/9304640178;PT.LINTAS DEWATA CARGO;;
Consumable Part;MAIN TYRE;606C66-8;;50862407;;EA;S/S;WISNU;CONTAINER;1;;1546/GRN/SPR/2016;AVIALL PTE LTD;2016-11-08;BOBBY;POM1121;INV/9304640178;PT.LINTAS DEWATA CARGO;;
Consumable Part;MAIN TYRE;606C66-8;;50852500;;EA;S/S;WISNU;CONTAINER;1;;1546/GRN/SPR/2016;AVIALL PTE LTD;2016-11-08;BOBBY;POM1121;INV/9304640178;PT.LINTAS DEWATA CARGO;;
Consumable Part;MAIN TYRE;606C66-8;;50852494;;EA;S/S;WISNU;CONTAINER;1;;1546/GRN/SPR/2016;AVIALL PTE LTD;2016-11-08;BOBBY;POM1121;INV/9304640178;PT.LINTAS DEWATA CARGO;;
Consumable Part;NOSE TYRE;505C61-8;;52482180;;EA;S/S;WISNU;CONTAINER;1;;1546/GRN/SPR/2016;AVIALL PTE LTD;2016-11-08;BOBBY;POM1121;INV/9304640178;PT.LINTAS DEWATA CARGO;;
Consumable Part;NOSE TYRE;505C61-8;;52382168;;EA;S/S;WISNU;CONTAINER;1;;1546/GRN/SPR/2016;AVIALL PTE LTD;2016-11-08;BOBBY;POM1121;INV/9304640178;PT.LINTAS DEWATA CARGO;;
Consumable Part;NOSE TYRE;505C61-8;;52382207;;EA;S/S;WISNU;CONTAINER;1;;1546/GRN/SPR/2016;AVIALL PTE LTD;2016-11-08;BOBBY;POM1121;INV/9304640178;PT.LINTAS DEWATA CARGO;;
Consumable Part;NOSE TYRE;505C61-8;;52382210;;EA;S/S;WISNU;CONTAINER;1;;1546/GRN/SPR/2016;AVIALL PTE LTD;2016-11-08;BOBBY;POM1121;INV/9304640178;PT.LINTAS DEWATA CARGO;;
Consumable Part;NOSE TYRE;505C61-8;;52382216;;EA;S/S;WISNU;CONTAINER;1;;1546/GRN/SPR/2016;AVIALL PTE LTD;2016-11-08;BOBBY;POM1121;INV/9304640178;PT.LINTAS DEWATA CARGO;;
Consumable Part;NOSE TYRE;505C61-8;;52382219;;EA;S/S;WISNU;CONTAINER;1;;1546/GRN/SPR/2016;AVIALL PTE LTD;2016-11-08;BOBBY;POM1121;INV/9304640178;PT.LINTAS DEWATA CARGO;;
Consumable Part;NOSE TYRE;505C61-8;;52382228;;EA;S/S;WISNU;CONTAINER;1;;1546/GRN/SPR/2016;AVIALL PTE LTD;2016-11-08;BOBBY;POM1121;INV/9304640178;PT.LINTAS DEWATA CARGO;;
Consumable Part;NOSE TYRE;505C61-8;;52472004;;EA;S/S;WISNU;CONTAINER;1;;1546/GRN/SPR/2016;AVIALL PTE LTD;2016-11-08;BOBBY;POM1121;INV/9304640178;PT.LINTAS DEWATA CARGO;;
Consumable Part;NOSE TYRE;505C61-8;;52502210;;EA;S/S;WISNU;CONTAINER;1;;1546/GRN/SPR/2016;AVIALL PTE LTD;2016-11-08;BOBBY;POM1121;INV/9304640178;PT.LINTAS DEWATA CARGO;;
Consumable Part;NOSE TYRE;505C61-8;;52492333;;EA;S/S;WISNU;CONTAINER;1;;1546/GRN/SPR/2016;AVIALL PTE LTD;2016-11-08;BOBBY;POM1121;INV/9304640178;PT.LINTAS DEWATA CARGO;;
Rotable Part;OIL COOLER;8406R/20002A;;11548;;EA;S/S;WISNU;A5-2;1;;1545/GRN/SPR/2016;;2016-11-08;BOBBY;;;;;
Consumable Part;CABLE;11-05650 FT;;;;FEET;S/S;WISNU;H4-2;100;;1544/GRN/SPR/2016;AVION LOGISTICS;2016-11-03;BOBBY;POM1109;INV/970012216;DHL#1106207126;;
Consumable Part;CABLE;11-07773 FT;;;;EA;S/S;WISNU;H4-2;100;;1544/GRN/SPR/2016;AVION LOGISTICS;2016-11-03;BOBBY;POM1109;INV/970012216;DHL#1106207126;;
Consumable Part;HOSE;R221612;;;;CM;S/S;WISNU;B4-3;50;;1544/GRN/SPR/2016;AVION LOGISTICS;2016-11-03;BOBBY;POM1116;INV/970012215;DHL#1106207126;;
Consumable Part;NIPPLE;AN4022-1;;;;EA;S/S;WISNU;B3-17;10;;1544/GRN/SPR/2016;AVION LOGISTICS;2016-11-03;BOBBY;POM1116;INV/970012215;DHL#1106207126;;
Repairable Part;GYRO HORIZON;RCA22-11;;215L352;;EA;S/S;WISNU;C3;1;;1543/GRN/SPR/2016;NAYLOR'S INSTRUMENT SERVICE, INC.;2016-11-02;BOBBY;WOM452;INV/8954;DHL#5753935353;;
Consumable Part;BEARING;LM67048-20629;;;;EA;S/S;WISNU;A3-21;3;;1542/GRN/SPR/2016;EPIC AVIATION;2016-11-02;BOBBY;POM1117;INV/16-016412;DHL#9557884276;;
Consumable Part;DETECTOR;1221201-4;;;;EA;S/S;WISNU;D2-1;2;;1542/GRN/SPR/2016;EPIC AVIATION;2016-11-02;BOBBY;POM1117;INV/16-016412;DHL#9557884276;;
Consumable Part;DISC BRAKE;164-30615-1;;;;EA;S/S;WISNU;A2-1;4;;1542/GRN/SPR/2016;EPIC AVIATION;2016-11-02;BOBBY;POM1117;INV/16-016412;DHL#9557884276;;
Repairable Part;MUFFELER;0554011-1;;;;EA;S/S;WISNU;H-5;1;;1541/GRN/SPR/2016;MERPATI MAINTENANCE FACILITY;2016-11-02;BOBBY;WOM495;DN/102476;PT.POS;;
Consumable Part;BOOK INSTRUMENT/COMMERCIAL;10001784-005;;;;EA;S/S;WISNU;WISNU;100;;1540/GRN/SPR/2016;AVIALL PTE LTD;2016-11-01;BOBBY;POM1110;INV/9304549123;PT.LINTAS DEWATA CARGO;;
Consumable Part;BOOK PRIVATE PILOT;10001360-005;;;;EA;S/S;WISNU;WISNU;100;;1540/GRN/SPR/2016;AVIALL PTE LTD;2016-11-01;BOBBY;POM1110;INV/9304549123;VIA PT.LINTAS DEWATA CARGO;;
Consumable Part;COMPUTER STUDENT FLT;10001316;;;;EA;S/S;WISNU;WISNU;100;;1540/GRN/SPR/2016;AVIALL PTE LTD;2016-11-01;BOBBY;POM1110;INV/9304549123;PT.LINTAS DEWATA CARGO;;
Consumable Part;MANUAL GFD MULTI ENGINE;10001888-003;;;;EA;S/S;WISNU;WISNU;100;;1540/GRN/SPR/2016;AVIALL PTE LTD;2016-11-01;BOBBY;POM1110;INV/9304549123;PT.LINTAS DEWATA CARGO;;
Consumable Part;PLOTTER PJ-1  Rotable PartATING AZMIUTH;10009524-001;;;;EA;S/S;WISNU;WISNU;100;;1540/GRN/SPR/2016;AVIALL PTE LTD;2016-11-01;BOBBY;POM1110;INV/9304549123;PT.LINTAS DEWATA CARGO;;
Repairable Part;LIFE VEST;P01074-101;;12011480771;;EA;S/S;WISNU;B1;1;;1539/GRN/SPR/2016;PT.REKATAMA PUTRA GEGANA;2016-10-29;BOBBY;WO;INV/160/BPP/RPG/10/2016;VIA JNE;;
Repairable Part;LIFE VEST;P01074-101;;12011480532;;EA;S/S;WISNU;B1;1;;1539/GRN/SPR/2016;PT.REKATAMA PUTRA GEGANA;2016-10-29;BOBBY;WO;INV/160/BPP/RPG/10/2016;VIA JNE;;
Repairable Part;LIFE VEST;P01074-101;;11050300013;;EA;S/S;WISNU;B1;1;;1539/GRN/SPR/2016;PT.REKATAMA PUTRA GEGANA;2016-10-29;BOBBY;WO;INV/160/BPP/RPG/10/2016;VIA JNE;;
Repairable Part;LIFE VEST;P01074-101;;11050300009;;EA;S/S;WISNU;B1;1;;1539/GRN/SPR/2016;PT.REKATAMA PUTRA GEGANA;2016-10-29;BOBBY;WO;INV/16/BPP/RPG/10/2016;VIA JNE;;
Consumable Part;AFM8 KIT;AFM8-KIT;;;;KIT;S/S;WISNU;SPECIAL TOOLS;1;;1538/GRN/SPR/2016;EDMO ASIA PACIFIC;2016-10-29;BOBBY;POM1102;INV/S166220-D01;DHL#8007301293;;
Consumable Part;CONTACT PIN;204370-2;;;;EA;S/S;WISNU;D3-5;100;;1538/GRN/SPR/2016;EDMO ASIA PACIFIC;2016-10-29;BOBBY;POM1102;INV/S166220-D01;DHL#8007301293;;
Consumable Part;CESSNA BAFFLE SET;C172P-BRK 343150;;;;KIT;S/S;WISNU;F1;1;;1537/GRN/SPR/2016;AIRCRAFT SPRUCE;2016-10-28;BOBBY;POM1109;INV/419710;DHL#5262223116;;
Repairable Part;NAV/COMM KX155A;069-01032-0201;;20787;;EA;S/S;WISNU;D2;1;;1536/GRN/SPR/2016;HAWKER PACIFIC PTY LTD;2016-10-28;BOBBY;WOM461;INV/114-026614;DHL#3033113720;;
Consumable Part;BRAKE MASTER CYLINDER;9882010-7;;;;EA;S/S;WISNU;A4-1;4;;1535/GRN/SPR/2016;YINGLING AVIATION;2016-10-28;BOBBY;POM1118;INV16-25056;DHL#6284093384;;
Consumable Part;SUPPORT/RING GEAR;76628;;;;EA;S/S;WISNU;D1;1;;1534/GRN/SPR/2016;AVION LOGISTICS;2016-10-27;BOBBY;POM1096;INV/970012184;DHL#5394666104;;
Consumable Part;UNIVERSAL JOINT;UJC-KT-1;;;;KIT;S/S;WISNU;D2-10;2;;1533/GRN/SPR/2016;MC FARLANE;2016-10-27;BOBBY;POM1108;INV/0263237-IN;DHL#3062943155;;
Consumable Part;VALVE FUEL;9851067-4S;;;;EA;S/S;WISNU;A3-19;1;;1533/GRN/SPR/2016;MC FARLANE;2016-10-27;BOBBY;POM1108;INV/0263237-IN;DHL#3062943155;;
Consumable Part;MOUNT;86212-002;;;;EA;S/S;WISNU;F2;1;;1532/GRN/SPR/2016;AIRFLITE AUSTRALIA PTY. LTD;2016-10-26;BOBBY;POM1045;INV/ARI022986;DHL#5522506986;;
Consumable Part;WELD ASSY SPROCKET;62789-002;;;;EA;S/S;WISNU;G3;1;;1383/GRN/ME/2016;AIRFLITE AUSTRALIA PTY. LTD;2016-10-26;BOBBY;POM1087;INV/ARI022351;DHL#5522506986;;
Consumable Part;BATTERY;G243;;G02903028;;EA;S/S;WISNU;I5-2;1;;1531/GRN/SPR/2016;AVIALL PTE LTD;2016-10-25;BOBBY;POM1111;INV/9304550014;VIA PT.LINTAS DEWATA CARGO;;
Consumable Part;BATTERY;G243;;G02903025;;EA;S/S;WISNU;I5-2;1;;1531/GRN/SPR/2016;AVIALL PTE LTD;2016-10-25;BOBBY;POM1111;INV/9304550014;VIA PT.LINTAS DEWATA CARGO;;
Consumable Part;OIL FILTER;CH48110-1;;;;EA;S/S;WISNU;I4-1;100;;1531/GRN/SPR/2016;AVIALL PTE LTD;2016-10-25;BOBBY;POM1111;INV/9304550014;PT.LINTAS DEWATA CARGO;;
Repairable Part;ASPEN EFD1000 PRO INSTAL KIT;ASP_EFD_PRO_001;;;;KITS;S/S;WISNU;G4;1;;1383/GRN/ME/2016;AIRFLITE AUSTRALIA PTY. LTD;2016-10-25;BOBBY;POM1085;INV/JMNT2880;DHL#5522544926;;
Repairable Part;ASPEN EFD1000 VFR INSTALL KITS;ASP_EFD_VFR_001;;;;KITS;S/S;WISNU;C5-1;3;;1530/GRN/SPR/2016;AIRFLITE AUSTRALIA PTY. LTD;2016-10-25;BOBBY;POM1085;INV/JMNT2880;DHL#5522544926;;
Repairable Part;AIR BOX;0552164-4;;;;EA;S/S;WISNU;D1;1;;1529/GRN/SPR/2016;;2016-10-14;BOBBY;;;;;
Consumable Part;EYE WASH PORTABLE;7501;;;;EA;S/S;WISNU;WISNU;1;;1528/GRN/SPR/2016;CV. TELADAN GROUP INDONESIA;2016-10-13;BOBBY;POL0463;;;;
Consumable Part;AIR FILTER;BA6108;;;;EA;S/S;WISNU;WISNU;50;;1527/GRN/SPR/2016;AEROSPACE PRODUCT INTERNATIONAL;2016-10-13;BOBBY;POM1050;INV/0081276387;DHL#4562011101;;
Consumable Part;BRAKE DISC [R];164-02300;;;;EA;S/S;WISNU;G2;1;;1383/GRN/ME/2016;AEROSPACE PRODUCT INTERNATIONAL;2016-10-13;BOBBY;POM1050;INV/0081276387;DHL#4562011101;;
Consumable Part;BRAKE LINNING;066-30026;;;;EA;S/S;WISNU;A3-14;50;;1527/GRN/SPR/2016;AEROSPACE PRODUCT INTERNATIONAL;2016-10-13;BOBBY;POM1050;INV/0081276387;DHL#4562011101;;
Consumable Part;BRAKE LINNING;066-10500;;;;EA;S/S;WISNU;A3-14;100;;1527/GRN/SPR/2016;AEROSPACE PRODUCT INTERNATIONAL;2016-10-13;BOBBY;POM1050;INV/0081276387;DHL#4562011101;;
Consumable Part;GARTER FILTER;ARB3-5-1;;;;EA;S/S;WISNU;WISNU;50;;1527/GRN/SPR/2016;AEROSPACE PRODUCT INTERNATIONAL;2016-10-13;BOBBY;POM1050;INV/0081276387;DHL#4562011101;;
Consumable Part;VACUUMP PUMP;AA3215CC;;0B9A11;;EA;S/S;WISNU;A2-1;1;;1527/GRN/SPR/2016;AEROSPACE PRODUCT INTERNATIONAL;2016-10-13;BOBBY;POM1050;INV/0081276387;DHL#4562011101;;
Consumable Part;VACUUMP PUMP;AA3215CC;;0B9A10;;EA;S/S;WISNU;A2-1;1;;1527/GRN/SPR/2016;AEROSPACE PRODUCT INTERNATIONAL;2016-10-13;BOBBY;POM1050;INV/0081276387;DHL#4562011101;;
Consumable Part;WHEEL ASSEMBLY;40-77B;;;;EA;S/S;WISNU;B2-2;1;;1527/GRN/SPR/2016;AEROSPACE PRODUCT INTERNATIONAL;2016-10-13;BOBBY;POM1050;INV/0081276387;DHL#4562011101;;
Repairable Part;ADF;066-1072-00;;25651;;EA;U/S;WISNU;WISNU;1;;1526/GRN/SPR/2016;;2016-10-12;BOBBY;;;;;
Repairable Part;BATTERY CONTACTOR;S1580-1;;;;EA;U/S;WISNU;QUARANTINE;1;;1526/GRN/SPR/2016;;2016-10-12;BOBBY;;;;;
Repairable Part;BATTERY CONTACTOR;S1580-1;;;;EA;S/S;WISNU;C3-1;2;;1526/GRN/SPR/2016;;2016-10-12;BOBBY;;;;;
Repairable Part;TRANSPONDER;066-01156-0101;;5907;;EA;S/S;WISNU;E2;1;;1526/GRN/SPR/2016;;2016-10-12;BOBBY;;;;;
Repairable Part;TURN AND  BANK;1394T100-73;;B09-10238;;EA;S/S;WISNU;C3-2;1;;1526/GRN/SPR/2016;;2016-10-12;BOBBY;;;;;
Repairable Part;TURN AND BANK;1394T100-7B;;L12-10090;;EA;S/S;WISNU;C3-2;1;;1526/GRN/SPR/2016;;2016-10-12;BOBBY;;;;;
Consumable Part;BATTERY;G243D;;G02903023;;EA;S/S;WISNU;WISNU;1;;1524/GRN/SPR/2016;AVIALL PTE LTD;2016-10-10;BOBBY;POM1111;INV/9304495142;DHL#5519034452;;
Consumable Part;BATTERY;G243D;;G02903024;;EA;S/S;WISNU;WISNU;1;;1524/GRN/SPR/2016;AVIALL PTE LTD;2016-10-10;BOBBY;POM1111;INV/9304495142;DHL#5519034452;;
Consumable Part;CLUSTER FUEL;C669537-0101;;829288;;EA;S/S;WISNU;C3-1;1;;1523/GRN/SPR/2016;HAWKER PACIFIC PTY LTD;2016-10-10;BOBBY;WOM457;INV/114-026378;DHL#9666433405;;
Repairable Part;TRANSPONDER KT76A;066-1062-00;;135062;;EA;S/S;WISNU;E2;1;;1523/GRN/SPR/2016;HAWKER PACIFIC PTY LTD;2016-10-10;BOBBY;WOM455;INV/114-026378;DHL#9666433405;;
Consumable Part;LINE ASSY;1700121-118;;;;EA;S/S;WISNU;B4-1;2;;1522/GRN/SPR/2016;AVION LOGISTICS;2016-10-10;BOBBY;POM1100;INV/970012138;DHL#4806459265;;
Consumable Part;HOSE;LW16217;;;;EA;S/S;WISNU;G1;1;;1383/GRN/ME/2016;AVIALL PTE LTD;2016-10-08;BOBBY;POM987;INV/9304482049;DHL#2785950403;;
Repairable Part;GYRO HORIZON;RCA22-11;;212C042;;EA;S/S;WISNU;C3-3;1;;1520/GRN/SPR/2016;NAYLOR'S INSTRUMENT SERVICE, INC.;2016-10-08;BOBBY;WARRANTY CLAIM;INV/18892;DHL#2901324300;;
Repairable Part;TRANSPONDER;066-01156-0101;;14159;;EA;S/S;WISNU;E2;1;;1519/GRN/SPR/2016;HAWKER PACIFIC PTY LTD;2016-10-08;BOBBY;WOM453;INV/114-026378;DHL#2818364603;;
Repairable Part;TRANSPONDER;066-01156-0101;;8800;;EA;S/S;WISNU;E2;1;;1519/GRN/SPR/2016;HAWKER PACIFIC PTY LTD;2016-10-08;BOBBY;WOM453;INV/114-026378;DHL#2818364603;;
Repairable Part;TRANSPONDER KT76A;066-1062-00;;37668;;EA;S/S;WISNU;E2;1;;1519/GRN/SPR/2016;HAWKER PACIFIC PTY LTD;2016-10-08;BOBBY;WOM455;INV/114-026378;DHL#2818364603;;
Consumable Part;MULTI PURPOSE FLUID (AEROSHELL FLUID 3);MIL-PRF-7870;;;;LITER;S/S;WISNU;WISNU;4;;1518/GRN/SPR/2016;;2016-10-07;BOBBY;POM1091;DN/16-09-937;VIA KARUNA JAYA;;
Consumable Part;OIL ENGINE;ASW100+;;;;LITER;S/S;WISNU;FLAMABLE ROOM;100;;1518/GRN/SPR/2016;;2016-10-07;BOBBY;POM1091;DN/16-09-937;VIA KARUNIA JAYA;;
Consumable Part;CHERRY RIVET;CR3213-4-4;;;;EA;S/S;WISNU;D3-13;50;;1517/GRN/SPR/2016;EPIC AVIATION;2016-10-08;BOBBY;POM1105;INV/16-015841;DHL#5080464266;;
Consumable Part;HEAD PAD;40266G-01;;;;EA;S/S;WISNU;C4-1;10;;1517/GRN/SPR/2016;EPIC AVIATION;2016-10-08;BOBBY;POM1094;INV/16-015841;DHL#5080464266;;
Repairable Part;MUFFLER;A1754001-25;;50244;;EA;S/S;WISNU;F3;1;;1517/GRN/SPR/2016;EPIC AVIATION;2016-10-08;BOBBY;POM1101;INV/16-015841;DHL#5080464266;;
Repairable Part;RISER;A1754010-1;;48618;;EA;S/S;WISNU;A5-1;1;;1517/GRN/SPR/2016;EPIC AVIATION;2016-10-08;BOBBY;POM1101;INV/16-015841;DHL#5080464266;;
Repairable Part;RISER;A1754009-1;;49917;;EA;S/S;WISNU;A5-1;1;;1517/GRN/SPR/2016;EPIC AVIATION;2016-10-08;BOBBY;POM1101;INV/16-015841;DHL#5080464266;;
Repairable Part;RISER;A1754008-1;;49928;;EA;S/S;WISNU;A5-1;1;;1517/GRN/SPR/2016;EPIC AVIATION;2016-10-08;BOBBY;POM1101;INV/16-015841;DHL#5080464266;;
Repairable Part;RISER;A1754007-1;;50744;;EA;S/S;WISNU;A5-1;1;;1517/GRN/SPR/2016;EPIC AVIATION;2016-10-08;BOBBY;POM1101;INV/16-015841;DHL#5080464266;;
Consumable Part;RIVET;MS20470AD4-6;;;;EA;S/S;WISNU;D3-13;4;;1517/GRN/SPR/2016;EPIC AVIATION;2016-10-08;BOBBY;POM1105;INV/16-015841;DHL#5080464266;;
Repairable Part;SHROUD MUFFLER;A9954100-3;;50783;;ASSY;S/S;WISNU;F3;1;;1517/GRN/SPR/2016;EPIC AVIATION;2016-10-08;BOBBY;POM1101;INV/16-015841;DHL#5080464266;;
Repairable Part;STARTER;149-NL;;FN-291623;;EA;S/S;WISNU;G5;1;;1383/GRN/ME/2016;EPIC AVIATION;2016-10-08;BOBBY;POM1094;INV/16-015841;DHL#5080464266;;
Consumable Part;VALVE DRAIN;S1951-5;;;;EA;S/S;WISNU;A3-20;2;;1517/GRN/SPR/2016;EPIC AVIATION;2016-10-08;BOBBY;POM1105;INV/16-015841;DHL#5080464266;;
Rotable Part;PROPELLER;1C160/DTM7557M1;;AFL44010;;ASSY;S/S;WISNU;FLAMABLE ROOM;1;;1516/GRN/SPR/2016;PT.REKATAMA PUTRA GEGANA;2016-10-05;BOBBY;WOM454;SD/91/LOC/BWD/IV/2016;VIA POS LOGISTICS;;
Rotable Part;AIRCRAFT ENGINE;O-320-D2J;;L-19556-39E;;EA;S/S;WISNU;WISNU;1;;1515/GRN/SPR/2016;AVION LOGISTICS;2016-09-30;BOBBY;POM955;INV/144609;297-58557634;;
Consumable Part;BELLCRANK;411563;;;;EA;S/S;WISNU;D3-4;4;;1514/GRN/SPR/2016;YINGLING AVIATION;2016-09-30;BOBBY;POM1097;INV16-22720;DHL#7816743793;;
Consumable Part;LINK;0511336-1;;;;EA;S/S;WISNU;D3-4;4;;1514/GRN/SPR/2016;YINGLING AVIATION;2016-09-30;BOBBY;POM1097;INV16-22720;DHL#7816743793;;
Consumable Part;PIN;MS20392-2C15;;;;EA;S/S;WISNU;D3-4;20;;1514/GRN/SPR/2016;YINGLING AVIATION;2016-09-30;BOBBY;POM1097;INV16-22720;DHL#7816743793;;
Repairable Part;GNS430;011-00280-10;;97127985;;EA;S/S;WISNU;G2;1;;1383/GRN/ME/2016;;2016-09-30;BOBBY;;;;;
Repairable Part;NAV/COM;MX385;;3259;;EA;S/S;WISNU;E2;1;;1513/GRN/SPR/2016;;2016-09-30;BOBBY;;;;;
Repairable Part;NAV/COMM KX155A;069-01032-0101;;27045;;EA;S/S;WISNU;E2;1;;1513/GRN/SPR/2016;;2016-09-30;BOBBY;;;;;
Repairable Part;NAV/COMM KX155A;069-01032-0101;;26292;;EA;S/S;WISNU;E2;1;;1513/GRN/SPR/2016;;2016-09-30;BOBBY;;;;;
Consumable Part;CABIN DOOR HINGE PIN;0711001-59;;;;EA;S/S;WISNU;D3-11;10;;1512/GRN/SPR/2016;YINGLING AVIATION;2016-09-30;BOBBY;POM1103;INV16-22719;DHL#7816743793;;
Consumable Part;CHERRY RIVET;S2906-4-4;;;;EA;S/S;WISNU;D3-9;50;;1512/GRN/SPR/2016;YINGLING AVIATION;2016-09-30;BOBBY;POM1103;INV16-22719;DHL#7816743793;;
Consumable Part;CHERRY RIVET;CR3213-5-04;;;;EA;S/S;WISNU;D3-13;100;;1512/GRN/SPR/2016;YINGLING AVIATION;2016-09-30;BOBBY;POK1103;INV16-22719;DHL#7816743793;;
Consumable Part;HINGE AY;0511238-1;;;;EA;S/S;WISNU;D3-11;2;;1512/GRN/SPR/2016;YINGLING AVIATION;2016-09-30;BOBBY;POM1103;INV16-22719;DHL#7816743793;;
Consumable Part;BLANK CARD;10024995;;;;EA;S/S;WISNU;G2;3;;1383/GRN/ME/2016;SOUTHEAST AEROSPACE;2016-09-27;BOBBY;POM1082;INV/207742;DHL#2250501315;;
Repairable Part;GA-56 GPS ANTENNA;011-00134-00;;59409715;;EA;S/S;WISNU;G1;1;;1383/GRN/ME/2016;SOUTHEAST AEROSPACE;2016-09-27;BOBBY;POM1082;INV/207742;DHL#2250501315;;
Repairable Part;GA-56 GPS ANTENNA;011-00134-00;;59075456;;EA;S/S;WISNU;G1;1;;1383/GRN/ME/2016;SOUTHEAST AEROSPACE;2016-09-27;BOBBY;POM1082;INV/207742;DHL#2250501315;;
Repairable Part;GA-56 GPS ANTENNA;011-00134-00;;59409721;;EA;S/S;WISNU;G1;1;;1383/GRN/ME/2016;SOUTHEAST AEROSPACE;2016-09-27;BOBBY;POM1082;INV/207742;DHL#2250501315;;
Repairable Part;GNS 430 HARDWARE KIT;GA-56 KIT;;;;EA;S/S;WISNU;G2;3;;1383/GRN/ME/2016;SOUTHEAST AEROSPACE;2016-09-27;BOBBY;POM1082;INV/207742;DHL#2250501315;;
Repairable Part;GNS430;011-00280-10;;97102790;;EA;S/S;WISNU;G2;1;;1383/GRN/ME/2016;SOUTHEAST AEROSPACE;2016-09-27;BOBBY;POM1082;INV/207742;DHL#2250501315;;
Repairable Part;GNS430;011-00280-10;;97115127;;EA;S/S;WISNU;G2;1;;1383/GRN/ME/2016;SOUTHEAST AEROSPACE;2016-09-27;BOBBY;POM1082;INV/207742;DHL#2250501315;;
Repairable Part;GNS430;011-00280-10;;97108092;;EA;S/S;WISNU;G2;1;;1383/GRN/ME/2016;SOUTHEAST AEROSPACE;2016-09-27;BOBBY;POM1082;INV/207742;DHL#2250501315;;
Consumable Part;GNS430 BACK PLATE;011-00676-00;;;;EA;S/S;WISNU;G1;3;;1383/GRN/ME/2016;SOUTHEAST AEROSPACE;2016-09-27;BOBBY;POM1082;INV/207742;DHL#2250501315;;
Consumable Part;INSTALL KIT GNS430;GNS-430/430W/530/530W S;;;;EA;S/S;WISNU;G1;3;;1383/GRN/ME/2016;SOUTHEAST AEROSPACE;2016-09-27;BOBBY;POM1082;INV/207742;DHL#2250501315;;
Consumable Part;MOUNTING RACK GNS430;115-00243-00;;;;EA;S/S;WISNU;G1;3;;1383/GRN/ME/2016;SOUTHEAST AEROSPACE;2016-09-27;BOBBY;POM1082;INV/207742;DHL#2250501315;;
Consumable Part;PILOTS GUIDE GNS430;190-00140-00;;;;EA;S/S;WISNU;CUPBOARD DOCUMENT;1;;1511/GRN/SPR/2016;SOUTHEAST AEROSPACE;2016-09-27;BOBBY;POM1082;INV/207742;DHL#2250501315;;
Consumable Part;QUICK REFERENCE GUIDE;190-00140-01;;;;EA;S/S;WISNU;CUPBOARD DOCUMENT;3;;1511/GRN/SPR/2016;SOUTHEAST AEROSPACE;2016-09-27;BOBBY;POM1082;INV/207742;DHL#2250501315;;
Consumable Part;TERRAIN DATA BASE;010-10201-21;;;;EA;S/S;WISNU;G2;3;;1383/GRN/ME/2016;SOUTHEAST AEROSPACE;2016-09-27;BOBBY;POM1082;INV/207742;DHL#2250501315;;
Rotable Part;MAGNETO;4371;;16080197;;EA;S/S;WISNU;A5-2;1;;1510/GRN/SPR/2016;AVION LOGISTICS;2016-09-27;BOBBY;POM1093;INV/970012106;DHL#2195326571;;
Rotable Part;MAGNETO;4371;;16080696;;EA;S/S;WISNU;A5-2;1;;1510/GRN/SPR/2016;AVION LOGISTICS;2016-09-27;BOBBY;POM1093;INV/970012106;DHL#2195326571;;
Rotable Part;MAGNETO;4371;;16090023;;EA;S/S;WISNU;A5-2;1;;1510/GRN/SPR/2016;AVION LOGISTICS;2016-09-27;BOBBY;POM1093;INV/970012106;DHL#2195326571;;
Rotable Part;MAGNETO;4371;;16090022;;EA;S/S;WISNU;A5-2;1;;1510/GRN/SPR/2016;AVION LOGISTICS;2016-09-27;BOBBY;POM1093;INV/970012106;DHL#2195326571;;
Consumable Part;CHT PROBE;86251;;;;EA;S/S;WISNU;G3;2;;1383/GRN/ME/2016;AVION LOGISTICS;2016-09-22;BOBBY;POM1049;INV/970012076;DHL#9165216690;;
Consumable Part;LAMP;4509;;;;EA;S/S;WISNU;G2;5;;1383/GRN/ME/2016;AVION LOGISTICS;2016-09-22;BOBBY;POM1093;INV/970012077;DHL#9165216690;;
Consumable Part;MICROPHONE;12948G01;;;;EA;S/S;WISNU;C2-2;4;;1509/GRN/SPR/2016;AVION LOGISTICS;2016-09-22;BOBBY;POM1093;INV/970012082;DHL#9165216690;;
Consumable Part;RIVET;105-00200;;;;EA;S/S;WISNU;A3-14;200;;1509/GRN/SPR/2016;AVION LOGISTICS;2016-09-22;BOBBY;POM1093;INV/970012082;DHL#9166216690;;
Rotable Part;STARTER;149-NLR;;FNR-241603;;EA;S/S;WISNU;G5;1;;1383/GRN/ME/2016;AVION LOGISTICS;2016-09-22;BOBBY;POM1093;INV/970012082;DHL#9165216690;;
Rotable Part;STARTER;149-NLR;;FNR-241613;;EA;S/S;WISNU;G5;1;;1383/GRN/ME/2016;AVION LOGISTICS;2016-09-22;BOBBY;POM1093;INV/970012082;DHL#9165216690;;
Rotable Part;STARTER;149-NL;;FN-281665;;EA;S/S;WISNU;G5;1;;1383/GRN/ME/2016;AVION LOGISTICS;2016-09-22;BOBBY;POM1093;INV/970012082;DHL#9165216690;;
Rotable Part;STARTER;149-NL;;FN-281666;;EA;S/S;WISNU;G5;1;;1383/GRN/ME/2016;AVION LOGISTICS;2016-09-22;BOBBY;POM1093;INV/970012082;DHL#9165216690;;
Rotable Part;A/H;102-0071-03;;211H201;;EA;S/S;WISNU;C3-2;1;;1508/GRN/SPR/2016;AVTEK;2016-09-21;BOBBY;WOM450;AT-1498/INV/IX/2016;DHL#6920122075;;
Repairable Part;AUDIO CONROL PANEL;066-1055-03;;16438;;EA;S/S;WISNU;E3;1;;1508/GRN/SPR/2016;AVTEK;2016-09-21;BOBBY;WOM450;AT-1502/INV/IX/2016;DHL#6920122075;;
;LAMP;4509;;;;EA;S/S;WISNU;G2;5;;1383/GRN/ME/2016;HAWKER PACIFIC PTY LTD;2016-09-21;BOBBY;POM1092;DN/336907;DHL#7054573595;;
;SCREW;S1021Z8-8;;;;EA;S/S;WISNU;A3-1;200;;1507/GRN/SPR/2016;HAWKER PACIFIC PTY LTD;2016-09-21;BOBBY;POM1092;DN/336907;DHL#7054573595;;
;STARTER;149-NLR;;FNR-291602;;EA;S/S;WISNU;G5;1;;1383/GRN/ME/2016;HAWKER PACIFIC PTY LTD;2016-09-21;BOBBY;POM1092;DN/336907;DHL#7054573595;;
;STUD;0742410-27;;;;EA;S/S;WISNU;D3-10;1;;1507/GRN/SPR/2016;HAWKER PACIFIC PTY LTD;2016-09-21;BOBBY;POM1092;DN/336907;DHL#7054573595;;
;CARBURATOR;17-Oct;;MSC84702;;EA;S/S;WISNU;A5-2;1;;1506/GRN/SPR/2016;YINGLING AVIATION;2016-09-16;BOBBY;POM1095;INV/16-21311;DHL#8324822800;;
;CARBURATOR;17-Oct;;MSC88301;;EA;S/S;WISNU;A5-2;1;;1506/GRN/SPR/2016;YINGLING AVIATION;2016-09-16;BOBBY;POM1095;INV/16-21311;DHL#8324822800;;
;STUD;0742410-27;;;;EA;S/S;WISNU;D3-10;1;;1506/GRN/SPR/2016;YINGLING AVIATION;2016-09-16;BOBBY;POM1095;INV/16-21311;DHL#8324822800;;
;KN62A DME;066-1068-01;;25832;;EA;S/S;WISNU;E3;1;;1505/GRN/SPR/2016;AUSTRALIAN AVIONICS;2016-09-16;BOBBY;WOM449;INV/114-026126;DHL#2925102736;;
;VOR KI209A;066-3056-11;;3614;;EA;S/S;WISNU;C4-2;1;;1505/GRN/SPR/2016;AUSTRALIAN AVIONICS;2016-09-16;BOBBY;WOM449;INV/114-026126;DHL#2925102736;;
;HOSE;LW16217;;;;EA;S/S;WISNU;G1;1;;1383/GRN/ME/2016;AVIALL PTE LTD;2016-09-16;BOBBY;POM987;INV/9304358717;DHL#7527663916;;
;SPARK PLUG;REM40E;;;;EA;S/S;WISNU;B2-3;40;;1503/GRN/SPR/2016;AVIALL PTE LTD;2016-09-09;BOBBY;POM1090;INV/9304357580;DHL#2693954476;;
;ROD ASSY;62764-800;;;;EA;S/S;WISNU;G1;2;;1502/GRN/SPR/2016;AVIALL PTE LTD;2016-09-09;BOBBY;POM1086;INV/9304331481;DHL#8450425012;;
;WELD ASSY SPROCKET;62789-002;;;;EA;S/S;WISNU;G3;1;;1383/GRN/ME/2016;PIPER AIRCRAFT INC;2016-09-09;BOBBY;POM1086;SHIP REF/SA0105263;DHL#3896276440;;
;COMPASS;C660501-0102;;;;EA;S/S;WISNU;C3-1;1;;1500/GRN/SPR/2016;;2016-09-09;BOBBY;;;;;
;COMPASS;2300;;16601;;EA;S/S;WISNU;C3-1;1;;1500/GRN/SPR/2016;;2016-09-09;BOBBY;;;;;
;ALLUMUNIUM FLARED TUBE PLUG;AN806-2D;;;;EA;S/S;WISNU;D3-2;10;;1499/GRN/SPR/2016;EPIC AVIATION;2016-09-08;BOBBY;POM100,1074,1077;INV/16-014932;DHL#5006447994;;
;ALLUMUNIUM FLARED TUBE PLUG;AN806-4D;;;;EA;S/S;WISNU;D3-2;10;;1499/GRN/SPR/2016;EPIC AVIATION;2016-09-08;BOBBY;POM1066,1074,1077;INV/16-014932;DHL#5006447994;;
;BAFFLE;86939-002;;;;EA;S/S;WISNU;G1;1;;1383/GRN/ME/2016;EPIC AVIATION;2016-09-08;BOBBY;POM1066,1074,1077;INV/16-014932;DHL#5006447994;;
;FITTING ALLUMUNIUM CAP;04-03480;;;;EA;S/S;WISNU;D3-2;10;;1499/GRN/SPR/2016;EPIC AVIATION;2016-09-08;BOBBY;POM1066,1074,1077;INV/16-014932;DHL#5006447994;;
;FITTING ALLUMUNIUM CAP;04-03479;;;;EA;S/S;WISNU;D3-2;10;;1499/GRN/SPR/2016;EPIC AVIATION;2016-09-08;BOBBY;POM1066,1074,1077;INV/16-014932;DHL#5006447994;;
;FITTING ALLUMUNIUM CAP;04-03481;;;;EA;S/S;WISNU;D3-2;10;;1499/GRN/SPR/2016;EPIC AVIATION;2016-09-08;BOBBY;POM1066,1074,1077;INV/16-014932;DHL#5006447994;;
;NUT;1514119-3;;;;EA;S/S;WISNU;A2-9;1;;1499/GRN/SPR/2016;EPIC AVIATION;2016-09-08;BOBBY;POM1066,1074,1077;INV/16-014932;DHL#5006447994;;
;PIN;NAS561P4-10;;;;EA;S/S;WISNU;D3-10;25;;1499/GRN/SPR/2016;EPIC AVIATION;2016-09-08;BOBBY;POM1066,1074,1077;INV/16-014932;DHL#5006447994;;
;PLUG FLARED TUBE;AN806-3D;;;;EA;S/S;WISNU;D3-2;10;;1499/GRN/SPR/2016;EPIC AVIATION;2016-09-08;BOBBY;POM1066,1074,1077;INV/16-014932;DHL#5006447994;;
;ROLL PIN;NAS561P4-12;;;;EA;S/S;WISNU;D3-10;50;;1499/GRN/SPR/2016;EPIC AVIATION;2016-09-08;BOBBY;POM1066,1074,1077;INV/16-0149;DHL#5006447994;;
;SCREW;NAS514P1032-14;;;;EA;S/S;WISNU;A3-4;50;;1499/GRN/SPR/2016;EPIC AVIATION;2016-09-08;BOBBY;POM1066;INV/16-014932;DHL#5006447994;;
;SCREW AY;0514027-21;;;;EA;S/S;WISNU;A2-2;1;;1499/GRN/SPR/2016;EPIC AVIATION;2016-09-08;BOBBY;POM1066,1074,1077;INV/16-14932;DHL#5006447994;;
Rotable Part;A/H;102-0071-03;;211F145;;EA;S/S;WISNU;C3-2;1;;1498/GRN/SPR/2016;NAYLOR'S INSTRUMENT SERVICE, INC.;2016-09-08;BOBBY;WOM445;INV/18814;DHL#1285143344;;
Rotable Part;A/H;102-0071-03;;2.13E+113;;EA;S/S;WISNU;C3-2;1;;1498/GRN/SPR/2016;NAYLOR'S INSTRUMENT SERVICE, INC.;2016-09-08;BOBBY;WOM445;INV/18814;DHL#1285143344;;
Rotable Part;DGI;1U262-003-14;;T59582M;;EA;S/S;WISNU;C3-2;1;;1498/GRN/SPR/2016;NAYLOR'S INSTRUMENT SERVICE, INC.;2016-09-08;BOBBY;WOM442;INV/18814;DHL#1285143344;;
Rotable Part;TURN AND BANK;1394T100-7Z;;E05-12173;;EA;S/S;WISNU;C3-2;1;;1498/GRN/SPR/2016;NAYLOR'S INSTRUMENT SERVICE, INC.;2016-09-08;BOBBY;WOM442;INV/18814;DHL#1285143344;;
;FITTING;AS15002-1P;;;;EA;S/S;WISNU;D3-10;30;;1497/GRN/SPR/2016;AVION LOGISTICS;2016-09-08;BOBBY;POM1085;INV/970012030;DHL#9993698190;;
;GEAR STARTER RING;72566;;;;EA;S/S;WISNU;D1;1;;1497/GRN/SPR/2016;AVION LOGISTICS;2016-09-08;BOBBY;POM1068;INV/970012031;DHL#9993698190;;
;INTERCOM;SPA400;;6072648;;EA;S/S;WISNU;C3-1;1;;1497/GRN/SPR/2016;AVION LOGISTICS;2016-09-08;BOBBY;POM1068;INV/970012031;DHL#9993698190;;
;INTERCOM;SPA400;;6072651;;EA;S/S;WISNU;C3-1;1;;1497/GRN/SPR/2016;AVION LOGISTICS;2016-09-08;BOBBY;POM1068;INV/97001231;DHL#9993698190;;
Rotable Part;MAGNETO;4371;;16060629;;EA;S/S;WISNU;A5-2;1;;1497/GRN/SPR/2016;AVION LOGISTICS;2016-09-08;BOBBY;POM1068;INV/970012031;DHL#9993698190;;
Rotable Part;MAGNETO;4371;;16060626;;EA;S/S;WISNU;A5-2;1;;1497/GRN/SPR/2016;AVION LOGISTICS;2016-09-08;BOBBY;POM1068;INV/970012031;DHL#9993698190;;
;HAND FUEL PUMP;LP-32;;;;EA;S/S;WISNU;TOOLS;2;;1496/GRN/SPR/2016;SUMBER CAHAYA PRIMA TEKNIK;2016-09-08;BOBBY;POM1052;;VIA DAKOTA;;
;HEADSET;12508G-17;;;;EA;S/S;WISNU;C4-2;1;;1495/GRN/SPR/2016;;2016-09-08;BOBBY;;;;;
;WIRE TWISTTER;J197;;;;EA;S/S;WISNU;TOOLS;1;;1494/GRN/SPR/2016;PT.EKATAMA PUTRA PERKASA;2016-09-05;BOBBY;;;VIA TIKI;;
;LOG BOOK PROPELLER;1C160/DTM 7557 M1;;81348;;EA;S/S;WISNU;CUPBOARD DOCUMENT;1;;1493/GRN/SPR/2016;PT.REKATAMA PUTRA GEGANA;2016-09-05;BOBBY;;122/BPP/RPG/08/2016;VIA POS;;
;LOG BOOK PROPELLER;1C160/DTM 7557 M1;;SK003;;EA;S/S;WISNU;CUPBOARD DOCUMENT;1;;1493/GRN/SPR/2016;PT.REKATAMA PUTRA GEGANA;2016-09-05;BOBBY;;122/BPP/RPG/08/2016;VIA POS;;
;MOUNTING TRAY;047-0940-004;;;;EA;S/S;WISNU;A4-2;1;;1492/GRN/SPR/2016;;2016-09-03;BOBBY;;;;;
Rotable Part;NAV/COMM KX-155;069-1024-43;;120737;;EA;S/S;WISNU;E2;1;;1492/GRN/SPR/2016;;2016-09-03;BOBBY;;;;;
Rotable Part;NAV/COMM KX155A;069-01032-0101;;26292;;EA;S/S;WISNU;E3;1;;1491/GRN/SPR/2016;;2016-09-03;BOBBY;;;;;
Rotable Part;NAV/COMM KX155A;069-01032-0101;;17641;;EA;S/S;WISNU;E3;1;;1491/GRN/SPR/2016;;2016-09-03;BOBBY;;;;;
Rotable Part;NAV/COMM KX155A;069-01032-0101;;4120;;EA;S/S;WISNU;E3;1;;1491/GRN/SPR/2016;;2016-09-03;BOBBY;;;;;
Repairable Part;AUDIO CONROL PANEL;066-1055-03;;16438;;EA;S/S;WISNU;E2;1;;1490/GRN/SPR/2016;;2016-09-01;BOBBY;;;;;
Repairable Part;AUDIO CONROL PANEL;066-1055-03;;6880;;EA;S/S;WISNU;E2;1;;1490/GRN/SPR/2016;;2016-09-01;BOBBY;;;;;
Repairable Part;INTERCOM;SPA-400;;6070963;;EA;S/S;WISNU;C2;1;;1490/GRN/SPR/2016;;2016-09-01;BOBBY;;;;;
Rotable Part;NAV/COMM KX-155;069-1024-43;;120737;;EA;S/S;WISNU;E2;1;;1489/GRN/SPR/2016;;2016-09-01;BOBBY;;;;;
Consumable Part;ANTENNA;C157;;314093;;EA;S/S;WISNU;A4-1;1;;1488/GRN/SPR/2016;;2016-08-30;BOBBY;;;;;
Repairable Part;INTERCOM;SPA-400;;6070458;;EA;S/S;WISNU;C3-1;1;;1488/GRN/SPR/2016;;2016-08-30;BOBBY;;;;;
Rotable Part;NAV/COMM RT385A;46660-1000;;20425;;EA;S/S;WISNU;E3;1;;1488/GRN/SPR/2016;;2016-08-30;BOBBY;;;;;
Rotable Part;TURN AND BANK;1394T100-7B;;D06-10777;;EA;S/S;WISNU;C3-2;1;;1488/GRN/SPR/2016;;2016-08-30;BOBBY;;;;;
Consumable Part;DETECTOR LIFT;148-7;;859328045;;EA;U/S;WISNU;QUARANTINE;1;;1487/GRN/SPR/2016;;2016-08-30;BOBBY;;;;;
Repairable Part;ELT ME 406;453-06669;;197-06669;;EA;U/S;WISNU;QUARANTINE;1;;1487/GRN/SPR/2016;;2016-08-30;BOBBY;;;;;
;VOLTAGE REGULATOR;DGR3;;80363557;;EA;U/S;WISNU;QUARANTINE;1;;1487/GRN/SPR/2016;;2016-08-30;BOBBY;;;;;
;VOLTAGE REGULATOR;VR515GA;;80L76114;;EA;U/S;WISNU;QUARANTINE;1;;1487/GRN/SPR/2016;;2016-08-30;BOBBY;;;;;
Consumable Part;NOSE TUBE;092-308-0;;;;EA;S/S;WISNU;D3;10;;1486/GRN/SPR/2016;AVIALL PTE LTD;2016-08-30;BOBBY;POM1073;9304292107;DHL#387959566;;
Consumable Part;SPARK PLUG;REM40E;;;;EA;S/S;WISNU;B2-3;60;;1485/GRN/SPR/2016;AVIALL PTE LTD;2016-08-30;BOBBY;1084;9304297114;DHL5135556322;;
Rotable Part;TRANSPONDER;066-01156-0101;;5520;;EA;S/S;WISNU;E2;1;;1484/GRN/SPR/2016;SOUTHEAST AEROSPACE;2016-08-30;BOBBY;POM1081;207248;DHL3028294183;;
Rotable Part;TRANSPONDER;066-01156-0101;;7217;;EA;S/S;WISNU;E2;1;;1484/GRN/SPR/2016;SOUTHEAST AEROSPACE;2016-08-30;BOBBY;POM1081;207248;DHL#3028294183;;
Consumable Part;CYLINDER PREASSURE TESTER;E2M;;A&B;;EA;S/S;WISNU;SPECIAL TOOLS;1;;1483/GRN/SPR/2016;PT.GAYA DINAMIKA ANGKASA;2016-08-30;BOBBY;;GDA.PB.16.389;DHL#5138262080;;
Consumable Part;WEIGHING SCALE;M2000-3KP;;Dec-71;;SET;S/S;WISNU;TOOLS;1;;1483/GRN/SPR/2016;PT.GAYA DINAMIKA ANGKASA;2016-08-30;BOBBY;;GDA.PB.16.162-2;DHL#5138262080;;
Consumable Part;COUPLER;DMH69-1;;9439;;EA;S/S;WISNU;A4-1;1;;1482/GRN/SPR/2016;AIRCRAFT SPRUCE;2016-08-29;BOBBY;1037;385562;;;
Consumable Part;COUPLER;DMH69-1;;9438;;EA;S/S;WISNU;A4-1;1;;1482/GRN/SPR/2016;AIRCRAFT SPRUCE;2016-08-29;BOBBY;1037;385562;;;
Consumable Part;COUPLER;DMH69-1;;9432;;EA;S/S;WISNU;A4-1;1;;1482/GRN/SPR/2016;AIRCRAFT SPRUCE;2016-08-29;BOBBY;1037;385562;;;
Consumable Part;COUPLER;DMH69-1;;9446;;EA;S/S;WISNU;A4-1;1;;1482/GRN/SPR/2016;AIRCRAFT SPRUCE;2016-08-29;BOBBY;1037;385562;;;
Consumable Part;MICROPHONE ICOM;HM-176;;;;EA;S/S;WISNU;E2;2;;1482/GRN/SPR/2016;AIRCRAFT SPRUCE;2016-08-29;BOBBY;1037;385562;;;
Consumable Part;BOTTLE ASSY;86546-006;;;;EA;S/S;WISNU;G1;2;;1383/GRN/ME/2016;AVION LOGISTICS;2016-08-23;BOBBY;POM1049;;;;
Consumable Part;CYLINDER KIT;05K21104;;;;EA;S/S;WISNU;C4-2;1;;1481/GRN/SPR/2016;AVION LOGISTICS;2016-08-23;BOBBY;POM660_CLAIM;;;;
Consumable Part;GAGE;6246-00363;;;;EA;S/S;WISNU;C3-2;1;;1481/GRN/SPR/2016;AVION LOGISTICS;2016-08-23;BOBBY;POM1070;;;;
Repairable Part;HYDROULIC POWER PACK;HYC5005OVH;;AH-7693;;EA;S/S;WISNU;G1;1;;1383/GRN/ME/2016;AVION LOGISTICS;2016-08-23;BOBBY;POM1061;;;;
Consumable Part;COVER;533-182;;;;EA;S/S;WISNU;G3;6;;1383/GRN/ME/2016;AVIALL PTE LTD;2016-08-23;BOBBY;POM1064;;;;
Rotable Part;NAV/COMM RT385A;46660-1000;;31605;;EA;S/S;WISNU;E2;1;;1479/GRN/SPR/2016;;2016-08-22;BOBBY;;;;;
Rotable Part;NAV/COMM RT385A;46660-1000;;32387;;EA;S/S;WISNU;E2;1;;1479/GRN/SPR/2016;;2016-08-22;BOBBY;;;;;
Rotable Part;NAV/COMM RT385A;46660-1000;;35670;;EA;S/S;WISNU;E2;1;;1479/GRN/SPR/2016;;2016-08-22;BOBBY;;;;;
Rotable Part;VHF NAV/COM RT-385A;46660-1100;;2837;;EA;S/S;WISNU;E2;1;;1479/GRN/SPR/2016;;2016-08-22;BOBBY;;;;;
Consumable Part;FUSE AGA 32V 3A;036-00058-0003;;;;EA;S/S;WISNU;C2-1;10;;1478/GRN/SPR/2016;AIRFLITE AUSTRALIA PTY. LTD;2016-08-19;BOBBY;POM1027;INV/ARI021241;DHL#2060112736;;
Repairable Part;INTERCOM;SPA400;;;;EA;S/S;WISNU;C2;1;;1478/GRN/SPR/2016;AIRFLITE AUSTRALIA PTY. LTD;2016-08-19;BOBBY;POM1071;INV/ARI021364;DHL#2060112736;;
Consumable Part;SPRING PARKING BRAKE;0513154-1;;;;EA;S/S;WISNU;D2-1;15;;1478/GRN/SPR/2016;AIRFLITE AUSTRALIA PTY. LTD;2016-08-19;BOBBY;POM1035;INV/ARI020500;DHL#2060112736;;
Consumable Part;ATS 90 DEGREE ANGEL DRILL;12-01422;;;;EA;S/S;WISNU;BOX RIVET ROOL;1;;1477/GRN/SPR/2016;AIRCRAFT SPRUCE;2016-08-19;BOBBY;POM104;INV/379332;DHL#5575834670;;
Consumable Part;ENGINE BAFFLE;27875;;;;EA;S/S;WISNU;F1;1;;1477/GRN/SPR/2016;AIRCRAFT SPRUCE;2016-08-19;BOBBY;POM1022;INV/379332;DHL#5575834670;;
Consumable Part;ENGINE BAFFLE;34484;;;;EA;S/S;WISNU;F1;1;;1477/GRN/SPR/2016;AIRCRAFT SPRUCE;2016-08-19;BOBBY;POM1022;INV/379332;DHL#5575834670;;
Consumable Part;ENGINE BAFFLE;34481;;;;EA;S/S;WISNU;F1;1;;1477/GRN/SPR/2016;AIRCRAFT SPRUCE;2016-08-19;BOBBY;POM1022;INV/379332;DHL#5575834670;;
Consumable Part;ENGINE BAFFLE;34482;;;;EA;S/S;WISNU;F1;1;;1477/GRN/SPR/2016;AIRCRAFT SPRUCE;2016-08-19;BOBBY;POM1022;INV/379332;DHL#5575834670;;
Consumable Part;ENGINE BAFFLE;34477;;;;EA;S/S;WISNU;F1;1;;1477/GRN/SPR/2016;AIRCRAFT SPRUCE;2016-08-19;BOBBY;POM1022;INV/379332;DHL#5575834670;;
Consumable Part;ENGINE BAFFLE;34480;;;;EA;S/S;WISNU;F1;1;;1477/GRN/SPR/2016;AIRCRAFT SPRUCE;2016-08-19;BOBBY;POM1022;INV/379332;DHL#5575834670;;
Consumable Part;ENGINE BAFFLE;34478;;;;EA;S/S;WISNU;F1;1;;1477/GRN/SPR/2016;AIRCRAFT SPRUCE;2016-08-19;BOBBY;POM1022;INV/379332;DHL#5575834670;;
Consumable Part;ENGINE BAFFLE;34485;;;;EA;S/S;WISNU;F1;1;;1477/GRN/SPR/2016;AIRCRAFT SPRUCE;2016-08-19;BOBBY;POM1022;INV/379332;DHL#5575834670;;
Consumable Part;ENGINE BAFFLE;34479;;;;EA;S/S;WISNU;F1;1;;1477/GRN/SPR/2016;AIRCRAFT SPRUCE;2016-08-19;BOBBY;POM1022;INV/379332;DHL#5575834670;;
Consumable Part;ENGINE BAFFLE;27675;;;;EA;S/S;WISNU;F1;1;;1477/GRN/SPR/2016;AIRCRAFT SPRUCE;2016-08-19;BOBBY;POM1022;INV/379332;DHL#5575834670;;
Consumable Part;RAPCO BRAKE RIVET;10-02065;;;;EA;S/S;WISNU;BOX RIVET ROOL;4;;1477/GRN/SPR/2016;AIRCRAFT SPRUCE;2016-08-19;BOBBY;POM104;INV/379332;DHL#5575834670;;
Consumable Part;THREADED DRILL BIT;12-04077;;;;EA;S/S;WISNU;BOX RIVET ROOL;5;;1477/GRN/SPR/2016;AIRCRAFT SPRUCE;2016-08-19;BOBBY;POM1015;INV/379332;DHL#5575834670;;
Consumable Part;THREADED DRILL BIT;12-04089;;;;EA;S/S;WISNU;BOX RIVET ROOL;2;;1477/GRN/SPR/2016;AIRCRAFT SPRUCE;2016-08-19;BOBBY;POM1015;INV/379332;DHL#5575834670;;
Consumable Part;THREADED DRILL BIT;12-04066;;;;EA;S/S;WISNU;BOX RIVET ROOL;2;;1477/GRN/SPR/2016;AIRCRAFT SPRUCE;2016-08-19;BOBBY;POM1015;INV/379332;DHL#5575834670;;
Consumable Part;F8C LARGE FUEL/WATER FUNNEL;05-01055;;;;EA;S/S;WISNU;A1-2;4;;1476/GRN/SPR/2016;AIRCRAFT SPRUCE;2016-08-19;BOBBY;;INV/819890;DHL#4870113286;;
Repairable Part;NEW TEMPEST TORNADO 3000;10-00609;;;;EA;S/S;WISNU;A2-2;1;;1476/GRN/SPR/2016;AIRCRAFT SPRUCE;2016-08-19;BOBBY;;INV/819890;DHL#4870113286;;
Repairable Part;NEW TEMPEST TORNADO 3000;10-00609;;;;EA;S/S;WISNU;A2-2;1;;1476/GRN/SPR/2016;AIRCRAFT SPRUCE;2016-08-19;BOBBY;;INV/819890;DHL#4870113286;;
Repairable Part;MUFFLER;9954100-10;;;;EA;S/S;WISNU;F3;1;;1475/GRN/SPR/2016;CONTAINER;2016-08-18;BOBBY;;;;;
Repairable Part;VOR KI209A;066-3056-11;;;;EA;S/S;WISNU;C4-2;1;;1474/GRN/SPR/2016;AUSTRALIAN AVIONICS;2016-08-18;BOBBY;WOM448;INV/114-025877;DHL#1335859464;;
Consumable Part;FLAP ROLLER UPGRADE KIT;FLP-KT-3U;;;;EA;S/S;WISNU;B3-14;1;;1473/GRN/SPR/2016;MC FARLANE;2016-08-18;BOBBY;POM1063;INV/0259020-IN;DHL#3440171265;;
Consumable Part;CLUSTER FUEL;C669562-0109;;731;;EA;S/S;WISNU;D3-1;1;;1472/GRN/SPR/2016;YINGLING AVIATION;2016-08-18;BOBBY;POM1072;INV/16-19133;DHL#3440525933;;
Consumable Part;PLATE;0515073-3;;;;EA;S/S;WISNU;D2-10;1;;1472/GRN/SPR/2016;YINGLING AVIATION;2016-08-18;BOBBY;POM1065;INV/16-19135;DHL#3440525933;;
Consumable Part;BOLT;A-2513-38;;;;EA;S/S;WISNU;FLAMABLE ROOM;6;;1471/GRN/SPR/2016;PT.REKATAMA PUTRA GEGANA;2016-12-08;BOBBY;;;POS;;
Consumable Part;BOLT;A-2513-38;;;;EA;S/S;WISNU;FLAMABLE ROOM;6;;1471/GRN/SPR/2016;PT.REKATAMA PUTRA GEGANA;2016-12-08;BOBBY;;;POS;;
Consumable Part;DOWEL;A-2973-6;;;;EA;S/S;WISNU;FLAMABLE ROOM;2;;1471/GRN/SPR/2016;PT.REKATAMA PUTRA GEGANA;2016-12-08;BOBBY;;;POS;;
Consumable Part;DOWEL;A-2973-6;;;;EA;S/S;WISNU;FLAMABLE ROOM;2;;1471/GRN/SPR/2016;PT.REKATAMA PUTRA GEGANA;2016-12-08;BOBBY;;;POS;;
Rotable Part;PROPELLER;1C160/DTM7557M1;;81348;;ASSY;S/S;WISNU;FLAMABLE ROOM;1;;1471/GRN/SPR/2016;PT.REKATAMA PUTRA GEGANA;2016-12-08;BOBBY;;;POS;;
Rotable Part;PROPELLER;1C160/DTM7557M1;;SK003;;ASSY;S/S;WISNU;FLAMABLE ROOM;1;;1471/GRN/SPR/2016;PT.REKATAMA PUTRA GEGANA;2016-12-08;BOBBY;;;POS;;
Consumable Part;SPACER;B-3898 (D-4521);;BC114;;EA;S/S;WISNU;FLAMABLE ROOM;1;;1471/GRN/SPR/2016;PT.REKATAMA PUTRA GEGANA;2016-12-08;BOBBY;;;POS;;
Consumable Part;SPACER;B-3898 (D-4521);;BE123;;EA;S/S;WISNU;FLAMABLE ROOM;1;;1471/GRN/SPR/2016;PT.REKATAMA PUTRA GEGANA;2016-12-08;BOBBY;;;POS;;
Consumable Part;WASHER;A-1638-11;;;;EA;S/S;WISNU;FLAMABLE ROOM;6;;1471/GRN/SPR/2016;PT.REKATAMA PUTRA GEGANA;2016-12-08;BOBBY;;;POS;;
Consumable Part;WASHER;A-1638-11;;;;EA;S/S;WISNU;FLAMABLE ROOM;6;;1471/GRN/SPR/2016;PT.REKATAMA PUTRA GEGANA;2016-12-08;BOBBY;;;POS;;
Consumable Part;LOCKING WIRE;0.32;;;;ROLL;S/S;WISNU;A2-6;4;;1470/GRN/SPR/2016;LUBRINDO JAYA;2016-12-08;BOBBY;;;PAHALA;;
Consumable Part;MULTI PURPOSE FLUID (AEROSHELL FLUID 3);MIL-PRF-7870;;;;LITER;S/S;WISNU;WISNU;4;;1470/GRN/SPR/2016;LUBRINDO JAYA;2016-12-08;BOBBY;;;PAHALA;;
Consumable Part;BOLT;AN4-31;;;;EA;S/S;WISNU;A3-8;10;;1469/GRN/SPR/2016;EPIC AVIATION;2016-05-08;BOBBY;;INV/16-014839;DHL#5269125326;;
Consumable Part;CLAMP;LW15592-8-28;;;;EA;S/S;WISNU;D2-5;2;;1469/GRN/SPR/2016;EPIC AVIATION;2016-05-08;BOBBY;;INV/16-014839;DHL#5269125326;;
Consumable Part;DRAIN VALVE;S2485-1;;;;EA;S/S;WISNU;A3-20;2;;1469/GRN/SPR/2016;EPIC AVIATION;2016-05-08;BOBBY;;INV/16-014839;DHL#5269125326;;
Consumable Part;ELBOW;AN823-4D;;;;EA;S/S;WISNU;D2-11;2;;1469/GRN/SPR/2016;EPIC AVIATION;2016-05-08;BOBBY;;INV/16-014839;DHL#5269125326;;
Consumable Part;ELBOW PIPE 900;AN914-1D;;;;EA;S/S;WISNU;D2-11;5;;1469/GRN/SPR/2016;EPIC AVIATION;2016-05-08;BOBBY;;INV/16-014839;DHL#5269125326;;
;FITTING;AN822-4D;;;;EA;S/S;WISNU;D2-11;2;;1469/GRN/SPR/2016;EPIC AVIATION;2016-05-08;BOBBY;;INV/16-014839;DHL#5269125326;;
;PACKING;MS28775-012;;;;EA;S/S;WISNU;A2-8;29;;1469/GRN/SPR/2016;EPIC AVIATION;2016-05-08;BOBBY;;INV/16-014839;DHL#5269125326;;
;PACKING;M83248/1-011;;;;EA;S/S;WISNU;A2-8;10;;1469/GRN/SPR/2016;EPIC AVIATION;2016-05-08;BOBBY;;INV/16-014839;DHL#5269125326;;
;STARTER;149-LN;;FN-2916120;;EA;S/S;WISNU;WISNU;1;;1468/GRN/SPR/2016;YINGLING AVIATION;2016-05-08;BOBBY;POM1047;INV/16-17981;DHL#2320220825;;
;STARTER;149-LN;;FN-22916111;;EA;S/S;WISNU;WISNU;1;;1468/GRN/SPR/2016;YINGLING AVIATION;2016-05-08;BOBBY;POM1047;INV/16-17981;DHL#2320220825;;
;CARBURETOR;10-5217RPD;;BL2714582;;EA;S/S;WISNU;A5-2;1;;1467/GRN/SPR/2016;AVION LOGISTICS;2016-05-08;BOBBY;POM659;INV/970011895;DHL#9928035283;;
;ELBOW;MS20823-4D;;;;EA;S/S;WISNU;D2-11;2;;1467/GRN/SPR/2016;AVION LOGISTICS;2016-05-08;BOBBY;POM1058;INV/970011896;DHL#9928035283;;
;ELBOW 90 DEGREE;MS20822-4D;;;;EA;S/S;WISNU;D2-11;2;;1467/GRN/SPR/2016;AVION LOGISTICS;2016-05-08;BOBBY;POM1058;INV/970011896;DHL#9928035283;;
;ELBOW PIPE 900;AN914-1D;;;;EA;S/S;WISNU;D2-11;5;;1467/GRN/SPR/2016;AVION LOGISTICS;2016-05-08;BOBBY;POM1058;INV/970011896;DHL#9928035283;;
;SWITCH PTT;S2870-1;;;;EA;S/S;WISNU;A2-4;8;;1467/GRN/SPR/2016;AVION LOGISTICS;2016-05-08;BOBBY;POM1049;INV/970011894;DHL#9928035283;;
;SENDER;486-483;;44695;;EA;S/S;WISNU;G2;1;;1383/GRN/ME/2016;AVIALL PTE LTD;2016-02-08;BOBBY;POM1056;INV/9304162089;DHL#9509995762;;
;SENDER;486-483;;44694;;EA;S/S;WISNU;G2;1;;1383/GRN/ME/2016;AVIALL PTE LTD;2016-02-08;BOBBY;POM1056;INV/9304162089;DHL#9509995762;;
;AIRCRAFT ENGINE;O-320-D2J;;L-14758-39E;;EA;S/S;WISNU;WISNU;1;;1465/GRN/SPR/2016;LYCOMING ENGINE;2016-02-08;BOBBY;26719;INV/4230337;AWB#297-60577263;;
;AIRCRAFT ENGINE;O-320-D2J;;L-14261-39E;;EA;S/S;WISNU;WISNU;1;;1465/GRN/SPR/2016;LYCOMING ENGINE;2016-02-08;BOBBY;26718;INV/4225205;AWB#297-60577263;;
;AIRCRAFT ENGINE;O-320-D2J;;L-17624-39E;;EA;S/S;WISNU;WISNU;1;;1465/GRN/SPR/2016;LYCOMING ENGINE;2016-02-08;BOBBY;26720;INV/4219204;AWB#297-60577263;;
;BRAKE  ASSY;30-75A;;;;EA;S/S;WISNU;A2-1;1;;1464/GRN/SPR/2016;AEROSPACE PRODUCT INTERNATIONAL;2016-07-30;BOBBY;POM983;INV/0081268177;DHL#5433714063;;
;BRAKE DISC [R];164-02300;;;;EA;S/S;WISNU;G2;1;;1383/GRN/ME/2016;AEROSPACE PRODUCT INTERNATIONAL;2016-07-30;BOBBY;POM983;INV/0081268177;DHL#5433714063;;
;CORD HEADSET KIT;18028G01;;;;EA;S/S;WISNU;C2-2;4;;1464/GRN/SPR/2016;AEROSPACE PRODUCT INTERNATIONAL;2016-07-30;BOBBY;POM983;INV/0081268177;DHL#5433714063;;
;LAMP ASSY;02-0350433-01;;;;EA;S/S;WISNU;A2-6;4;;1464/GRN/SPR/2016;AEROSPACE PRODUCT INTERNATIONAL;2016-07-30;BOBBY;POM983;INV/0081268177;DHL#5433714063;;
;UNDERCUT COMPORT-GEL EAR SEALS;40863G-02;;;;PAIR;S/S;WISNU;D2-6;10;;1464/GRN/SPR/2016;AEROSPACE PRODUCT INTERNATIONAL;2016-07-30;BOBBY;POM983;INV/0081268177;DHL#5433714063;;
;DOOR AY;0552173-27;;;;EA;S/S;WISNU;A4-2;1;;1463/GRN/SPR/2016;EPIC AVIATION;2016-07-29;BOBBY;POM1046;INV/16-014058;DHL#3360286893;;
;EGT PROBE;86143;;;;EA;S/S;WISNU;G3;2;;1383/GRN/ME/2016;EPIC AVIATION;2016-07-29;BOBBY;POM1046;INV/16-014058;DHL#3360286893;;
;EGT PROBE,SCREW-IN;86245;;;;EA;S/S;WISNU;G3;2;;1383/GRN/ME/2016;EPIC AVIATION;2016-07-29;BOBBY;POM1046;INV/16-014058;DHL#3360286893;;
;GASKET TURBO;LW18038;;;;EA;S/S;WISNU;G3;4;;1383/GRN/ME/2016;EPIC AVIATION;2016-07-29;BOBBY;POM1046;INV/16-014058;DHL#3360286893;;
;HINGE HALF;1552004-23;;;;EA;S/S;WISNU;D2-16;2;;1463/GRN/SPR/2016;EPIC AVIATION;2016-07-29;BOBBY;POM1046;INV/16-014058;DHL#3360286893;;
;HINGE HALF;1552004-22;;;;EA;S/S;WISNU;D2-16;4;;1463/GRN/SPR/2016;EPIC AVIATION;2016-07-29;BOBBY;POM1046;INV/16-014058;DHL#3360286893;;
;PIN;1552004-17;;;;EA;S/S;WISNU;D2-1;4;;1463/GRN/SPR/2016;EPIC AVIATION;2016-07-29;BOBBY;POM1046;INV/16-014058;DHL#3360286893;;
;RAM AIR COOLING KIT;071-4001-00;;;;EA;S/S;WISNU;G1;4;;1463/GRN/SPR/2016;EPIC AVIATION;2016-07-29;BOBBY;POM1046;INV/16-014058;DHL#3360286893;;
;SPRING;1552010-1;;;;EA;S/S;WISNU;D2-1;10;;1463/GRN/SPR/2016;EPIC AVIATION;2016-07-29;BOBBY;POM1046;INV/16-014058;DHL#3360286893;;
;DOOR AY;0552173-27;;;;EA;S/S;WISNU;A4-2;2;;1462/GRN/SPR/2016;YINGLING AVIATION;2016-07-29;BOBBY;POM1054;INV/16-17080;DHL#6304365616;;
;PIPE EXCHAUST;LW16393;;;;EA;S/S;WISNU;G1;1;;1383/GRN/ME/2016;MERPATI MAINTENANCE FACILITY;2016-07-29;BOBBY;;DN/102443;POS;;
;COUPLER;DMH69-1;;2378;;EA;S/S;WISNU;A4-1;1;;1460/GRN/SPR/2016;AVION LOGISTICS;2016-07-29;BOBBY;POM1036;INV/970011869;DHL#7763329921;;
;COUPLER;DMH69-1;;2357;;EA;S/S;WISNU;A4-1;1;;1460/GRN/SPR/2016;AVION LOGISTICS;2016-07-29;BOBBY;POM1036;INV/970011869;DHL#7763329921;;
;AUDIO CONROL PANEL;066-1055-03;;2306;;EA;S/S;WISNU;E3;1;;1459/GRN/SPR/2016;AVTEK;2016-07-29;BOBBY;;DT-1469;DHL#6912061004;;
;GASKET CARBURETOR INLET;LW-13473;;;;EA;S/S;WISNU;A4-1;10;;1458/GRN/SPR/2016;AVIALL PTE LTD;2016-07-29;BOBBY;POM987;INV/8003336441;DHL#7763293333;;
;DME KN62A;066-1068-00;;14748;;EA;U/S;WISNU;QUARANTINE;1;;1457/GRN/SPR/2016;SOUTHEAST AEROSPACE;2016-07-21;BOBBY;;INV/205504;DHL#4094488381;;
;TRANSPONDER KT76A;066-1062-00;;34027;;EA;U/S;WISNU;QUARANTINE;1;;1457/GRN/SPR/2016;SOUTHEAST AEROSPACE;2016-07-21;BOBBY;;INV/205504;DHL#4094488381;;
;TRANSPONDER KT76A;066-1062-00;;131320;;EA;U/S;WISNU;QUARANTINE;1;;1457/GRN/SPR/2016;SOUTHEAST AEROSPACE;2016-07-21;BOBBY;;INV/205504;DHL#4094488381;;
;DIRECTIONAL GYRO INDICATOR;1U262-001-13;;A7969E;;EA;S/S;WISNU;C3-2;1;;1456/GRN/SPR/2016;AUSTRALIAN AVIONICS;2016-07-21;BOBBY;WOM440;INV/114-025603;DHL#4094488381;;
;BELT ALTERNATOR;37A19773-376;;;;EA;S/S;WISNU;B4-2;7;;1455/GRN/SPR/2016;AVION LOGISTICS;2016-07-21;BOBBY;POM1033;INV/143457;DHL#7440863544;;
;CESSNA 172 WINDSHIELD;LP-389-GT;;;;EA;S/S;WISNU;A1-1;1;;1455/GRN/SPR/2016;AVION LOGISTICS;2016-07-21;BOBBY;;INV/143457;DHL#7440863544;;
;CYLINDER ASSY;05K21100;;;;EA;S/S;WISNU;WISNU;1;;1455/GRN/SPR/2016;AVION LOGISTICS;2016-07-21;BOBBY;POM659;INV/143457;DHL#7440863544;;
;MAGNETO;4371;;16050157;;EA;S/S;WISNU;A5-2;1;;1455/GRN/SPR/2016;AVION LOGISTICS;2016-07-21;BOBBY;POM1021;INV/143457;DHL#7440863544;;
;DGI;RCA11A-15;;412D097G;;EA;S/S;WISNU;C3-2;1;;1454/GRN/SPR/2016;NAYLOR'S INSTRUMENT SERVICE, INC.;2016-07-21;BOBBY;;INV/18688;DHL#3200778836;;
;GYRO HORIZON;RCA22-11;;212D076;;EA;S/S;WISNU;C3-2;1;;1454/GRN/SPR/2016;NAYLOR'S INSTRUMENT SERVICE, INC.;2016-07-21;BOBBY;;INV/18688;DHL#3200778836;;
;LPS 3;316;;;;EA;S/S;WISNU;D1;12;;1453/GRN/SPR/2016;LUBRINDO JAYA;2016-07-13;BOBBY;POM1032;;PAHALA KENCANA;;
;SEALANT;PR-1422B 1/2;;;;EA;S/S;WISNU;D1;1;;1453/GRN/SPR/2016;LUBRINDO JAYA;2016-07-13;BOBBY;POM1032;;PAHALA KENCANA;;
;COOLING KIT;SK402-20B;;;;EA;S/S;WISNU;G1;4;;1383/GRN/ME/2016;AVIALL PTE LTD;2016-06-27;BOBBY;POM1025;INV/16-012816;DHL#4911843985;;
;DETECTOR LIFT;148-7;;161726-08;;EA;S/S;WISNU;G1;1;;1383/GRN/ME/2016;AVIALL PTE LTD;2016-06-27;BOBBY;POM1030;INV/1002246240;DHL#7394645300;;
;DETECTOR LIFT;148-7;;161726-09;;EA;S/S;WISNU;G1;1;;1383/GRN/ME/2016;AVIALL PTE LTD;2016-06-27;BOBBY;POM1030;INV/1002246240;DHL#7394645300;;
;BOLT;AN3-H7A;;;;EA;S/S;WISNU;G1;20;;1383/GRN/ME/2016;AVION LOGISTICS;2016-07-13;BOBBY;POM1040;INV.143063;DHL.6187693131;;
;BOLT;NAS6605D46;;;;EA;S/S;WISNU;A3-5;10;;1451/GRN/SPR/2016;AVION LOGISTICS;2016-07-13;BOBBY;POM1044;INV.143063;DHL.6187693131;;
;BOLT;691-334;;;;EA;S/S;WISNU;G1;10;;1383/GRN/ME/2016;AVION LOGISTICS;2016-07-13;BOBBY;POM1040;INV.143063;DHL.6187693131;;
;CUSTTLE NUT;AN310-5;;;;EA;S/S;WISNU;A3-3;15;;1451/GRN/SPR/2016;AVION LOGISTICS;2016-07-13;BOBBY;POM1044;INV.143063;DHL.6187693131;;
;FUEL PUMP 12V;1800-A;;193669;;EA;S/S;WISNU;G4;1;;1383/GRN/ME/2016;AVION LOGISTICS;2016-07-13;BOBBY;POM1020;INV.143063;DHL.6187693131;;
;KIT SL988;764-378;;;;EA;S/S;WISNU;G1;4;;1383/GRN/ME/2016;AVION LOGISTICS;2016-07-13;BOBBY;POM1040;INV.143063;DHL.6187693131;;
;MAGNETO DUAL;10-682555-16R;;E-06362;;EA;S/S;WISNU;G4;1;;1383/GRN/ME/2016;AVION LOGISTICS;2016-07-13;BOBBY;POM1031;INV.143063;DHL.6187693131;;
;SNAP RING;484-723;;;;EA;S/S;WISNU;G1;10;;1383/GRN/ME/2016;AVION LOGISTICS;2016-07-13;BOBBY;POM1040;INV.143063;DHL.6187693131;;
;SPRING PARKING BRAKE;0513154-1;;;;EA;S/S;WISNU;D2-1;5;;1451/GRN/SPR/2016;AVION LOGISTICS;2016-07-13;BOBBY;POM1036;INV.143063;DHL.6187693131;;
;VALVE AIR HIGH PRESSURE;492-401;;;;EA;S/S;WISNU;G1;6;;1383/GRN/ME/2016;AVION LOGISTICS;2016-07-13;BOBBY;POM1040;INV.143063;DHL.6187693131;;
;WASHER;NAS1149F0463P;;;;EA;S/S;WISNU;A3-6;100;;1451/GRN/SPR/2016;AVION LOGISTICS;2016-07-13;BOBBY;POM1040;INV.143063;DHL.6187693131;;
;WASHER FLAT;NAS1149F0563P;;;;EA;S/S;WISNU;A3-6;100;;1451/GRN/SPR/2016;AVION LOGISTICS;2016-07-13;BOBBY;POM1044;INV.143063;DHL.6187693131;;
;TRUNNION ASSY NOSE GEAR;67054-803;;;;EA;S/S;WISNU;WISNU;1;;1450/GRN/SPR/2016;AVIALL PTE LTD;2016-07-13;BOBBY;POM1038;INV.9304054000;DHL.6930648163;;
;CARBURETOR HEAT CONTROL;MCS1230-17;;;;EA;S/S;WISNU;D4;6;;1449/GRN/SPR/2016;EPIC AVIATION;2016-07-13;BOBBY;;INV.16-013798;DHL.5337021863;;
;GASKET TURBO;LW18038;;;;EA;S/S;WISNU;G3;6;;1383/GRN/ME/2016;EPIC AVIATION;2016-07-13;BOBBY;;INV.16-013798;DHL.5337021863;;
;BEARING AIR BOX;05-04443;;;;EA;S/S;WISNU;D2-11;2;;1448/GRN/SPR/2016;AVION LOGISTICS;2016-12-07;BOBBY;POM1033;INV.970011784;DHL.2881444300;;
;BELT ALTERNATOR;37A19773-376;;;;EA;S/S;WISNU;B4-2;1;;1448/GRN/SPR/2016;AVION LOGISTICS;2016-12-07;BOBBY;POM1033;INV.970011784;DHL.2881444300;;
;BELT TENSION;OTC6673;;;;EA;S/S;WISNU;SPECIAL;2;;1448/GRN/SPR/2016;AVION LOGISTICS;2016-12-07;BOBBY;POM1010;INV.970011787;DHL.2881444300;;
;LAMP;MS25309-7512;;;;EA;S/S;WISNU;B3-8;10;;1448/GRN/SPR/2016;AVION LOGISTICS;2016-12-07;BOBBY;POM1033;INV.970011784;DHL.2881444300;;
;MAGNETO DUAL;10-682555-13R;;E-03252;;EA;S/S;WISNU;G4;1;;1448/GRN/SPR/2016;AVION LOGISTICS;2016-12-07;BOBBY;POM1031;INV.970011786;DHL.2881444300;;
;MOTOR FLAP;C301002-0104;;;;EA;S/S;WISNU;A2-2;2;;1448/GRN/SPR/2016;AVION LOGISTICS;2016-12-07;BOBBY;POM1033;INV.970011784;DHL.2881444300;;
;NIPPLE;MS25171-4S;;;;EA;S/S;WISNU;D2-3;20;;1448/GRN/SPR/2016;AVION LOGISTICS;2016-12-07;BOBBY;POM1033;INV.970011784;DHL.2881444300;;
;SHAFT AIR BOX;05-04431;;;;EA;S/S;WISNU;D2-11;2;;1448/GRN/SPR/2016;AVION LOGISTICS;2016-12-07;BOBBY;POM1033;INV.970011784;DHL.2881444300;;
;TAPES;PM-T4H;;;;EA;S/S;WISNU;B2-1;1;;1448/GRN/SPR/2016;AVION LOGISTICS;2016-12-07;BOBBY;POM1018;INV.970011785;DHL.2881444300;;
;ADF KR-87;006-1072-14;;78185;;EA;U/S;WISNU;QUARANTINE;1;;1447/GRN/SPR/2016;SOUTHEAST AEROSPACE;2016-12-07;BOBBY;WOM437;INV.205594;DHL.6793263680;;
;AUDIO PANEL KMA-26;066-01155-0201;;4824;;EA;U/S;WISNU;QUARANTINE;1;;1447/GRN/SPR/2016;SOUTHEAST AEROSPACE;2016-12-07;BOBBY;WOM437;INV.205594;DHL.6793263680;;
;DME KN-62A;006-1068-01;;26707;;EA;U/S;WISNU;QUARANTINE;1;;1447/GRN/SPR/2016;SOUTHEAST AEROSPACE;2016-12-07;BOBBY;WOM437;INV.205594;DHL.6793263680;;
;DME KN62A;066-1068-00;;11356;;EA;U/S;WISNU;QUARANTINE;1;;1446/GRN/SPR/2016;SOUTHEAST AEROSPACE;2016-12-07;BOBBY;WOM435;INV.205586;DHL.6793209695;;
;TRANSPONDER;066-01156-0101;;2274;;EA;U/S;WISNU;QUARANTINE;1;;1446/GRN/SPR/2016;SOUTHEAST AEROSPACE;2016-12-07;BOBBY;WOM435;INV.205586;DHL.6793209695;;
;TRANSPONDER KT76A;066-1062-00;;81068;;EA;U/S;WISNU;QUARANTINE;1;;1446/GRN/SPR/2016;SOUTHEAST AEROSPACE;2016-12-07;BOBBY;WOM435;INV.205586;DHL.6793209695;;
;TRANSPONDER KT76A;066-1062-00;;62600;;EA;U/S;WISNU;QUARANTINE;1;;1446/GRN/SPR/2016;SOUTHEAST AEROSPACE;2016-12-07;BOBBY;WOM435;INV.205586;DHL.6793209695;;
;TRANSPONDER KT76A;066-1062-00;;25494;;EA;U/S;WISNU;QUARANTINE;1;;1446/GRN/SPR/2016;SOUTHEAST AEROSPACE;2016-12-07;BOBBY;WOM435;INV.205586;DHL.6793209695;;
;LINE ASSY;1700121-127;;;;EA;S/S;WISNU;B4-1;1;;1445/GRN/SPR/2016;YINGLING AVIATION;2016-12-07;BOBBY;POM1042;INV.16-15651;DHL.5103165524;;
;STRIP FELT;G881879;;;;EA;S/S;WISNU;B4-2;60;;1444/GRN/SPR/2016;AEROMIL PACIFIC;2016-12-07;BOBBY;POM984;INV.142989;DHL.8296759144;;
;VALVE AIR HIGH PRESSURE;492-401;;;;EA;S/S;WISNU;G1;6;;1383/GRN/ME/2016;AVIALL PTE LTD;2016-07-12;BOBBY;POM1043;INV.9304070008;DHL.4537962656;;
;WASHER;62833-045;;;;EA;S/S;WISNU;G3;6;;1383/GRN/ME/2016;AVIALL PTE LTD;2016-07-12;BOBBY;POM1043;INV.9304070008;DHL.4537962656;;
;BLLCRANK AY;0514030-4;;;;EA;S/S;WISNU;D5-15;3;;1442/GRN/SPR/2016;AEROMIL PACIFIC;2016-07-11;BOBBY;POM972;INV.142766;DHL.8089373891;;
;MAIN TYRE;070-314-0;;5288S00042;;EA;S/S;WISNU;CONTAINER;1;;1442/GRN/SPR/2016;AEROMIL PACIFIC;2016-07-11;BOBBY;POM999;INV.142766;DHL.8089373891;;
;MAIN TYRE;070-314-0;;5288S00049;;EA;S/S;WISNU;CONTAINER;1;;1442/GRN/SPR/2016;AEROMIL PACIFIC;2016-07-11;BOBBY;POM999;INV.142766;DHL.8089373891;;
;MAIN TYRE;070-314-0;;5288S00385;;EA;S/S;WISNU;CONTAINER;1;;1442/GRN/SPR/2016;AEROMIL PACIFIC;2016-07-11;BOBBY;POM999;INV.142766;DHL.8089373891;;
;MAIN TYRE;070-314-0;;5288S00047;;EA;S/S;WISNU;CONTAINER;1;;1442/GRN/SPR/2016;AEROMIL PACIFIC;2016-07-11;BOBBY;POM999;INV.142766;DHL.8089373891;;
;MAIN TYRE;070-314-0;;5288S00041;;EA;S/S;WISNU;CONTAINER;1;;1442/GRN/SPR/2016;AEROMIL PACIFIC;2016-07-11;BOBBY;POM999;INV.142766;DHL.8089373891;;
;ROLL PIN;NAS561P4-12;;;;EA;S/S;WISNU;D3-10;40;;1442/GRN/SPR/2016;AEROMIL PACIFIC;2016-07-11;BOBBY;POM972;INV.142766;DHL.8089373891;;
;COVER;0712765-3;;;;EA;S/S;WISNU;A2;2;;1441/GRN/SPR/2016;AEROSPACE PRODUCT INTERNATIONAL;2016-07-11;BOBBY;POM1034;INV/0081268177;DHL#5433714063;;
;SHAF TACHOMETER;S2550-10;;;;EA;S/S;WISNU;B4-2;4;;1441/GRN/SPR/2016;AEROSPACE PRODUCT INTERNATIONAL;2016-07-11;BOBBY;POM1034;INV/0081268177;DHL#5433714063;;
;AUDIO CONROL PANEL;066-1055-03;;12188;;EA;S/S;WISNU;E3;1;;1440/GRN/SPR/2016;AEROSPACE PRODUCT INTERNATIONAL;2016-06-27;BOBBY;POM1028;INV/205619;DHL#2709875162;;
;BOARD AY TERMINAL;0570315-1;;;;EA;S/S;WISNU;D3-5;1;;1440/GRN/SPR/2016;AEROSPACE PRODUCT INTERNATIONAL;2016-06-27;BOBBY;POM876;INV/ARI020029;DHL#5268567511;;
;DME KN62A;066-1068-00;;11620;;EA;S/S;WISNU;E2;1;;1440/GRN/SPR/2016;AEROSPACE PRODUCT INTERNATIONAL;2016-06-27;BOBBY;POM1028;INV/205619;DHL#2709875162;;
;FUSE;036-0058-03;;;;EA;S/S;WISNU;C2-1;1;;1440/GRN/SPR/2016;AEROSPACE PRODUCT INTERNATIONAL;2016-06-27;BOBBY;POM1027;INV/ARI020173;DHL#5268567511;;
;FUSE;036-0057-10;;;;EA;S/S;WISNU;C2-1;7;;1440/GRN/SPR/2016;AEROSPACE PRODUCT INTERNATIONAL;2016-06-27;BOBBY;POM1027;INV/ARI020173;DHL#5268567511;;
;TACHOMETER IND;D1-112-5025;;28538;;EA;S/S;WISNU;C3-1;1;;1440/GRN/SPR/2016;AEROSPACE PRODUCT INTERNATIONAL;2016-06-27;BOBBY;POM1019;INV/142195;DHL#9982836441;;
;TACHOMETER IND;D1-112-5025;;28539;;EA;S/S;WISNU;C3-1;1;;1440/GRN/SPR/2016;AEROSPACE PRODUCT INTERNATIONAL;2016-06-27;BOBBY;POM1019;INV/142195;DHL#9982836441;;
;TRANSPONDER;066-01156-0101;;8800;;EA;S/S;WISNU;E2;1;;1440/GRN/SPR/2016;AEROSPACE PRODUCT INTERNATIONAL;2016-06-27;BOBBY;POM1028;INV/205619;DHL#2709875162;;
;AIR FILTER;BA6108;;;;EA;S/S;WISNU;WISNU;100;;1439/GRN/SPR/2016;AVION LOGISTICS;2016-06-28;BOBBY;POM1007;INV/970011750;DHL#8124664284;;
;EGT PROBE;86143;;;;EA;S/S;WISNU;G3;2;;1383/GRN/ME/2016;AVION LOGISTICS;2016-06-28;BOBBY;POM1018;INV/970011748;DHL#8124664284;;
;LIGHT ASSY;C622001-0102;;;;EA;S/S;WISNU;A3-17;1;;1439/GRN/SPR/2016;AVION LOGISTICS;2016-06-28;BOBBY;POM997;INV/970011749;DHL#8124664284;;
;BRAKE LINNING;066-06200;;;;EA;S/S;WISNU;A3-14;20;;1438/GRN/SPR/2016;AEROMIL PACIFIC;2016-06-27;BOBBY;POM978;INV/142195;DHL#1426966516;;
;CABLE CONTROL;S1230-17;;;;EA;S/S;WISNU;D4;2;;1438/GRN/SPR/2016;AEROMIL PACIFIC;2016-06-27;BOBBY;POM984;INV/142195;DHL#1426966516;;
;FITTING;AA1K9-6-10;;;;EA;S/S;WISNU;A3-9;4;;1438/GRN/SPR/2016;AEROMIL PACIFIC;2016-06-27;BOBBY;POM984;INV/142195;DHL#1426966516;;
;FITTING;AA1K1-6-10;;;;EA;S/S;WISNU;A3-9;4;;1438/GRN/SPR/2016;AEROMIL PACIFIC;2016-06-27;BOBBY;POM984;INV/142195;DHL#1426966516;;
;ROLL PIN;NAS561P4-12;;;;EA;S/S;WISNU;D3-10;10;;1438/GRN/SPR/2016;AEROMIL PACIFIC;2016-06-27;BOBBY;POM972;INV/142195;DHL#1426966516;;
;BEARING;214-00400;;;;EA;S/S;WISNU;A3-12;2;;1437/GRN/SPR/2016;AEROSPACE PRODUCT INTERNATIONAL;2016-06-24;BOBBY;POM975;INV/0081264951;DHL#2880569871;;
;BRAKE DISC;30-83A;;;;EA;S/S;WISNU;G2;1;;1383/GRN/ME/2016;AEROSPACE PRODUCT INTERNATIONAL;2016-06-24;BOBBY;POM975;INV/0081264951;DHL#2880569871;;
;GREASE RING;153-00300;;;;EA;S/S;WISNU;B3-12;7;;1437/GRN/SPR/2016;AEROSPACE PRODUCT INTERNATIONAL;2016-06-24;BOBBY;POM975;INV/0081264951;DHL#2880569871;;
;GREASE RING;153-00800;;;;EA;S/S;WISNU;B3-12;6;;1437/GRN/SPR/2016;AEROSPACE PRODUCT INTERNATIONAL;2016-06-24;BOBBY;POM975;INV/0081264951;DHL#2880569871;;
;GREASE SEAL WHEEL;153-01500;;;;EA;S/S;WISNU;B3-12;3;;1437/GRN/SPR/2016;AEROSPACE PRODUCT INTERNATIONAL;2016-06-24;BOBBY;POM975;INV/0081264951;DHL#2880569871;;
;GASKET CARBURETOR;77154;;;;EA;S/S;WISNU;G3;10;;1383/GRN/ME/2016;AVIALL PTE LTD;2016-06-24;BOBBY;POM987;INV/9303983629;DHL#9671608645;;
;ALIGNMENT WASHER;MS-AW;;;;EA;S/S;WISNU;D3-10;50;;1435/GRN/SPR/2016;MILSPEC;2016-06-24;BOBBY;POM1023;INV/41820;DHL#9758065310;;
;C-SPEC CONVERSION KIT CESSNA;MSC172PQ-40P;;;;EA;S/S;WISNU;D3-10;1;;1435/GRN/SPR/2016;MILSPEC;2016-06-24;BOBBY;POM1023;INV/41820;DHL#9758065310;;
Rotable Part;LIFE VEST;P01074-101;;11050300015;;EA;S/S;WISNU;B1;1;;1434/GRN/SPR/2016;PT.REKATAMA PUTRA GEGANA;2016-06-23;BOBBY;WO;072/BP/RPG/06/2016;PAHALA;;
Rotable Part;LIFE VEST;P01074-101;;11050300010;;EA;S/S;WISNU;B1;1;;1434/GRN/SPR/2016;PT.REKATAMA PUTRA GEGANA;2016-06-23;BOBBY;WO;072/BP/RPG/06/2016;PAHALA;;
Rotable Part;LIFE VEST;P01074-101;;11050300016;;EA;S/S;WISNU;B1;1;;1434/GRN/SPR/2016;PT.REKATAMA PUTRA GEGANA;2016-06-23;BOBBY;WO;072/BP/RPG/06/2016;PAHALA;;
Rotable Part;LIFE VEST;P0723E105P;;12011480676;;EA;S/S;WISNU;B1;1;;1434/GRN/SPR/2016;PT.REKATAMA PUTRA GEGANA;2016-06-23;BOBBY;WO;072/BP/RPG/06/2016;PAHALA;;
Rotable Part;LIFE VEST;P0723E105P;;12031720077;;EA;S/S;WISNU;B1;1;;1434/GRN/SPR/2016;PT.REKATAMA PUTRA GEGANA;2016-06-23;BOBBY;WO;072/BP/RPG/06/2016;PAHALA;;
Rotable Part;LIFE VEST;P0723E105P;;12031720080;;EA;S/S;WISNU;B1;1;;1434/GRN/SPR/2016;PT.REKATAMA PUTRA GEGANA;2016-06-23;BOBBY;WO;072/BP/RPG/06/2016;PAHALA;;
Rotable Part;LIFE VEST;P0723E105P;;12051890173;;EA;S/S;WISNU;B1;1;;1434/GRN/SPR/2016;PT.REKATAMA PUTRA GEGANA;2016-06-23;BOBBY;WO;072/BP/RPG/06/2016;PAHALA;;
Rotable Part;LIFE VEST;P01074-101;;11050300001;;EA;S/S;WISNU;B1;1;;1434/GRN/SPR/2016;PT.REKATAMA PUTRA GEGANA;2016-06-23;BOBBY;WO;072/BP/RPG/06/2016;PAHALA;;
Rotable Part;LIFE VEST;P01074-101;;11050300002;;EA;S/S;WISNU;B1;1;;1434/GRN/SPR/2016;PT.REKATAMA PUTRA GEGANA;2016-06-23;BOBBY;WO;072/BP/RPG/06/2016;PAHALA;;
Rotable Part;LIFE VEST;P01074-101;;11050300004;;EA;S/S;WISNU;B1;1;;1434/GRN/SPR/2016;PT.REKATAMA PUTRA GEGANA;2016-06-23;BOBBY;WO;072/BP/RPG/06/2016;PAHALA;;
Rotable Part;LIFE VEST;P01074-101;;11050300007;;EA;S/S;WISNU;B1;1;;1434/GRN/SPR/2016;PT.REKATAMA PUTRA GEGANA;2016-06-23;BOBBY;WO;072/BP/RPG/06/2016;PAHALA;;
Rotable Part;LIFE VEST;P01074-101;;11050300008;;EA;S/S;WISNU;B1;1;;1434/GRN/SPR/2016;PT.REKATAMA PUTRA GEGANA;2016-06-23;BOBBY;WO;072/BP/RPG/06/2016;PAHALA;;
Consumable Part;BRAKE  ASSY;30-75A;;;;EA;S/S;WISNU;A2-1;1;;1433/GRN/SPR/2016;AVION LOGISTICS;2016-06-21;BOBBY;POM1018;INV#970011728;DHL#1548566036;;
Consumable Part;CONTORL;S1239-48;;;;EA;S/S;WISNU;D4;1;;1433/GRN/SPR/2016;AVION LOGISTICS;2016-06-21;BOBBY;POM1018;INV#970011728;DHL#1548566036;;
Consumable Part;HUB;40-113;;;;EA;S/S;WISNU;B2-2;2;;1433/GRN/SPR/2016;AVION LOGISTICS;2016-06-21;BOBBY;POM1018;INV#970011728;DHL#1548566036;;
Consumable Part;SPRING;082-00900;;;;EA;S/S;WISNU;G2;2;;1383/GRN/ME/2016;AVION LOGISTICS;2016-06-21;BOBBY;POM976;INV#970011729;DHL#1548566036;;
Consumable Part;SUPPORT COLLAR;2460038-1;;;;EA;S/S;WISNU;A2-6;2;;1433/GRN/SPR/2016;AVION LOGISTICS;2016-06-21;BOBBY;POM1018;INV#970011728;DHL#1548566036;;
Consumable Part;CONTROL ASSY SEAT;AC5794-24;;;;EA;S/S;WISNU;G1;2;;1383/GRN/ME/2016;AIRFLITE AUSTRALIA PTY. LTD;2016-06-17;BOBBY;POM1003;INV/ARIO18958;DHL#1151050526;;
Consumable Part;FILTER ELEMENT (FUEL);OS-51288;;;;EA;S/S;WISNU;B5-1;4;;1431/GRN/SPR/2016;AIRFLITE AUSTRALIA PTY. LTD;2016-06-17;BOBBY;POM953;INV/ARIO18958;DHL#1151050526;;
Consumable Part;HOSE;SCEET10;;;;EA;S/S;WISNU;B5-2;22;;1431/GRN/SPR/2016;AIRFLITE AUSTRALIA PTY. LTD;2016-06-17;BOBBY;POM982;INV/ARIO18958;DHL#1151050526;;
Consumable Part;KIT SHOCK MOUNT;J23502-1;;;;KIT;S/S;WISNU;A4-1;4;;1431/GRN/SPR/2016;AIRFLITE AUSTRALIA PTY. LTD;2016-06-17;BOBBY;POM1006;INV/ARIO18958;DHL#1151050526;;
Consumable Part;LOCK;MM20-1088;;;;EA;S/S;WISNU;D1;1;;1431/GRN/SPR/2016;AIRFLITE AUSTRALIA PTY. LTD;2016-06-17;BOBBY;POM1003;INV/ARIO18958;DHL#1151050526;;
Consumable Part;POST INSTRUMENT LIGHT HD ASSY;A354-CL-BK;;;;EA;S/S;WISNU;B3-9;20;;1431/GRN/SPR/2016;AIRFLITE AUSTRALIA PTY. LTD;2016-06-17;BOBBY;POM1009;INV/ARIO18958;DHL#1151050526;;
Consumable Part;ADROX;ADROX6025;;;;LTR;S/S;WISNU;FLAMABLE ROOM;25;;1430/GRN/SPR/2016;PRATAMA MANDIRI;2016-06-17;BOBBY;;;;;
Repairable Part;FIREX;FE-10H;;;;EA;S/S;WISNU;WISNU;1;;1430/GRN/SPR/2016;PRATAMA MANDIRI;2016-06-17;BOBBY;;;;;
Repairable Part;FIREX;FE-10P;;;;EA;S/S;WISNU;WISNU;1;;1430/GRN/SPR/2016;PRATAMA MANDIRI;2016-06-17;BOBBY;;;;;
;FIREX;ABC POWDER;;;;EA;S/S;WISNU;WISNU;1;;1430/GRN/SPR/2016;PRATAMA MANDIRI;2016-06-17;BOBBY;;;;;
;MAJUN;MAJUN;;;;KG;S/S;WISNU;CONTAINER;50;;1430/GRN/SPR/2016;PRATAMA MANDIRI;2016-06-17;BOBBY;;;PAHALA KENCANA;;
;GASKET EXHAUST;77611;;;;EA;S/S;WISNU;A4-1;10;;1427/GRN/SPR/2016;AVIALL PTE LTD;2016-06-14;BOBBY;POM987;INV/9303943204;DHL#5544242864;;
;NUT;STD1410;;;;EA;S/S;WISNU;A3-3;10;;1427/GRN/SPR/2016;AVIALL PTE LTD;2016-06-14;BOBBY;POM987;INV/9303943204;DHL#5544242864;;
;SCREW;STD1925;;;;EA;S/S;WISNU;D3-1;10;;1427/GRN/SPR/2016;AVIALL PTE LTD;2016-06-14;BOBBY;POM987;INV/9303943204;DHL#5544242864;;
;WASHER;STD475;;;;EA;S/S;WISNU;A3-6;10;;1427/GRN/SPR/2016;AVIALL PTE LTD;2016-06-14;BOBBY;POM987;INV/9303943204;DHL#5544242864;;
;FUEL GAUGE;C172/26.5;;;;EA;S/S;WISNU;D3-4;10;;1426/GRN/SPR/2016;YINGLING AVIATION;2016-06-10;BOBBY;POM1016;INV/16-13264;DHL#6724194606;;
;CABLE TENSION METER;ACM.200;;22564;;EA;S/S;WISNU;SPECIAL;1;;1425/GRN/SPR/2016;PT.GAYA DINAMIKA ANGKASA;2016-06-08;BOBBY;WO;INV/GDA.PB.16.257;DHL#4798027500;;
;CABLE TESTER;MODEL E5;;;;EA;S/S;WISNU;SPECIAL;1;;1425/GRN/SPR/2016;PT.GAYA DINAMIKA ANGKASA;2016-06-08;BOBBY;WO;INV/GDA.PB.16.257;DHL#4798027500;;
;PROPELLER;1C160/DTM7557M1;;VF44009;;ASSY;S/S;WISNU;FLAMABLE ROOM;1;;1424/GRN/SPR/2016;PT.REKATAMA PUTRA GEGANA;2016-06-07;BOBBY;WO;INV/067/BPP/RPG/06/2016;POS LOGISTICS;;
;M800-28V CLOCK W/BATT;800-28V-BAT;;D29425;;EA;S/S;WISNU;C2-2;1;;1419/GRN/SPR/2016;AVION LOGISTICS;2016-06-03;BOBBY;POM1010;INV/970011650;DHL#1591611092;;
;M800-28V CLOCK W/BATT;800-28V-BAT;;D29424;;EA;S/S;WISNU;C2-2;1;;1419/GRN/SPR/2016;AVION LOGISTICS;2016-06-03;BOBBY;POM1010;INV/970011650;DHL#1591611092;;
;WHELLEN LED LANDING LIGHT 14V(S/C);01-0771833-10;;;;EA;S/S;WISNU;G2;1;;1383/GRN/ME/2016;AIRCRAFT SPRUCE;2016-09-02;BOBBY;POM 989/991;INV/732000;DHL#6639780626;;
;WHELLEN LED LANDING LIGHT 28V(S/C);01-0771833-20;;;;EA;S/S;WISNU;G2;2;;1383/GRN/ME/2016;AIRCRAFT SPRUCE;2016-09-02;BOBBY;POM 989/991;INV/732000;DHL#6639780626;;
;WHELLEN LED TAXI LIGHT 14V(S/C);01-0771833-15;;;;EA;S/S;WISNU;G2;1;;1383/GRN/ME/2016;AIRCRAFT SPRUCE;2016-09-02;BOBBY;POM 989/991;INV/732000;DHL#6639780626;;
;WHELLEN LED TAXI LIGHT 14V(S/C);01-0771833-25;;;;EA;S/S;WISNU;G2;1;;1383/GRN/ME/2016;AIRCRAFT SPRUCE;2016-09-02;BOBBY;POM 989/991;INV/732000;DHL#6639780626;;
;GNS430;011-00280-10;;97124426;;EA;S/S;WISNU;G2;1;;1383/GRN/ME/2016;AVTEK;2016-09-01;BOBBY;;DT-1399;DHL#36311443723;;
;NUT,SELF LOCKING;MS21044N5;;;;EA;S/S;WISNU;A3-3;100;;1394/GRN/SPR/2016;AVION LOGISTICS;2016-09-01;BOBBY;POM976;INV/970011507;DHL#3505317900;;
;STARTER;MZ-4222R;;H-7040453;;EA;S/S;WISNU;G5;1;;1383/GRN/ME/2016;AVION LOGISTICS;2016-09-01;BOBBY;POM970;INV/970011507;DHL#3505317900;;
;MAGNETO DUAL;10-682555-13R;;E-02366;;EA;S/S;WISNU;G4;1;;1383/GRN/ME/2016;AVION LOGISTICS;2016-09-01;BOBBY;POM957;INV/970011485;DHL#6397648504;;
;MAGNETO DUAL;10-682555-16R;;E-03255;;EA;S/S;WISNU;G4;1;;1383/GRN/ME/2016;AVION LOGISTICS;2016-09-01;BOBBY;POM957;INV/970011485;DHL#6397648504;;
;MAGNETO DUAL;10-682555-16R;;E-03254;;EA;S/S;WISNU;G4;1;;1383/GRN/ME/2016;AVION LOGISTICS;2016-09-01;BOBBY;POM957;INV/970011485;DHL#6397648504;;
;STARTER;149-NL;;FN-061552;;EA;S/S;WISNU;G5;1;;1383/GRN/ME/2016;AVIALL PTE LTD;2016-09-02;BOBBY;POM679;INV8002168132;;;
;STARTER;149-NL;;FN-061554;;EA;S/S;WISNU;G5;1;;1383/GRN/ME/2016;AVIALL PTE LTD;2016-09-02;BOBBY;POM679;INV8002168132;;;
